name,image,url,contents
오아로최종가 에센셜 타이 블라우스 4종,41135666_h.jpg,https://www.skstoa.com/display/goods/41135666,"아름다운 패션 로맨스가 시작됩니다! 이번 시즌에는 트렌드에 민감하면서도 실용성과 편안함을 추구하는 여성들을 위한 스타일이 주목받고 있습니다. 동적이고 감각적인 스타일을 통해 일상 속에서도 편안함을 느낄 수 있습니다. 이번 제품은 셔츠카라 스타일로, 넥라인에 타이 포인트가 있는 3종 디자인이 특징입니다. 다른 악세사리 없이도 고급스러운 포인트를 줄 수 있습니다. 각 컬러에 어울리는 디자인으로 하의에 맞춰 다양한 연출이 가능하며, 깔끔한 솔리드 두 컬러와 트렌디한 패턴 두 컬러로 다채로운 스타일링이 가능합니다. 울도비 쉬폰 소재로 제작되어 겹쳐 입어도 청량하고 부드러운 터치감을 선사합니다. 단독으로 착용하는 것은 물론, 자켓이나 코트, 베스트 등의 아우터 안에 이너로 활용하여 4계절 내내 시즌 구애 없이 착용할 수 있어 실용적입니다. 기계세탁이 가능하여 관리도 편리합니다. 이 제품은 드레이프성이 뛰어나 편안하게 착용할 수 있으며, 가벼운 중량감으로 부드럽게 살랑이는 소재로 되어 있습니다. 내구성이 좋은 폴리에스터 소재로 형태감이 안정적이며 관리가 용이합니다. 내부의 습기를 배출하여 쾌적한 착용감을 유지하며, 우수한 마모강도로 오래 착용할 수 있는 제품입니다. 물에 젖거나 세탁 시 빠르게 건조되어 기계세탁과 기계건조가 가능하여 손쉽게 관리할 수 있습니다. 아이보리 색상은 화사하고 밝은 느낌으로 얼굴을 환하게 밝혀 우아한 무드를 연출합니다. 블랙 컬러는 클래식하고 활용도가 높아 다양한 스타일에 잘 어울립니다. 마일드한 핑크 바탕 컬러에 체인 패턴이 더해져 은은한 포인트를 주며, 세련된 네이비 바탕 컬러에 오렌지와 블루를 믹스한 체인 패턴으로 멋스러운 포인트를 더했습니다. 이 제품으로 스타일리시하면서도 편안한 일상을 만끽해 보세요!"
존스뉴욕24FW 수트 셋업 3종,41184626_h.jpg,https://www.skstoa.com/display/goods/41184626,"1. 뉴욕 클래식의 정석 상품코드: 86047 304465146 가격: 100,000원 2. 존스뉴욕의 4번째 수트 에디션은 론칭 1주년을 기념하여 제작되었습니다. 에센셜 솔리드 자켓, 체크 패턴 재킷, 클래식 팬츠의 3종 구성으로 다양한 스타일링이 가능합니다. 3. 색상: 브라운 4. 이 자켓은 어깨 패드를 넣어 무너지지 않는 핏을 완성하고, 가슴 사선 포켓 디테일로 시선을 끌어올려 길고 날씬해 보이도록 디자인되었습니다. 66센치 기장으로 제형 커버에 용이하며, 55사이즈 기준으로 제작되었습니다. 5. 체크 패턴의 원단으로 깔끔한 디자인이 강조되며, 솔리드 재킷보다 약간 짧은 65.5cm 기장으로 데님 스커트 등과 다양한 코디가 가능합니다. 6. 허리 단으로 깔끔하게 마무리되었고, 뒤 허리에는 추가적으로 패드를 넣어 착용감과 활동성을 높였습니다. 앞뒤 레직기로 다리가 곧고 길어 보이는 효과도 있습니다. 7. 사이즈 정보: - 솔리드 자켓 사이즈: - 총장: 66, 67, 68, 69, 70 - 어깨: 39.5, 40.5, 41.5, 42.5, 43.5 - 가슴: 92, 97, 102, 107, 112 - 허리: 85, 90, 95, 100, 105 8. 팬츠 사이즈: - 총장: 98, 99, 100, 101, 102 - 허리: 69, 74, 79, 84, 89 - 힙: 93, 98, 103, 108, 113 9. 소재: - 겉감: 폴리에스터 90%, 폴리우레탄 10% - 안감: 폴리에스터 100% 10. 세탁 방법: 기계 세탁 가능 이 제품은 클래식하면서도 세련된 디자인으로, 어떤 자리에서도 잘 어울립니다. 다양한 코디와 함께 활용하기 좋으며, 뛰어난 착용감으로 데일리 룩에 최적화된 아이템입니다."
존스뉴욕24FW 울실크 블랜드 홀가먼트 니트 3종,41195605_h.jpg,https://www.skstoa.com/display/goods/41195605,"뉴욕 클래식의 정석입니다. 제품 코드: 10415, 제트 706. 고급스러운 디자인과 세련된 스타일을 자랑하는 이 제품은 특별한 순간에 당신을 더욱 빛나게 해줄 것입니다. 깔끔한 라운드 네크라인과 유연하게 제작된 반넥 디자인으로 답답함 없이 편안한 착용감을 제공합니다. 네크라인부터 어깨까지 흐르는 자연스러운 라인과 라글란 소매로 여성스러운 실루엣을 완성합니다. 다양한 아우터와의 코디가 용이하여 사계절 내내 활용하기 좋은 아이템입니다. 소재는 실크와 고급 블렌드로, 아크릴 46%, 나일론 25%, 폴리에스터 23%, 울 3%, 실크 3%가 혼합되어 있습니다. 부드러운 촉감과 은은한 광택으로 고급스러움을 느낄 수 있으며, 내구성이 뛰어나 편안하게 관리할 수 있습니다. 손세탁이 가능하여 가정에서도 쉽게 사용 가능합니다. 사이즈 정보: 가슴둘레는 92cm에서 107cm까지 다양하게 준비되어 있습니다. 이 제품은 일상적인 스타일에도 잘 어울리며, 특별한 날에는 더욱 빛나는 선택이 될 것입니다. 지금 바로 경험해보세요!"
헬렌카렌최저가찬스 뷔스티에 니트탑 3종,37386889_h.jpg,https://www.skstoa.com/display/goods/37386889,"헬렌카렌은 페미닌한 감성과 클래식 스타일링을 지닌 편안한 아이템들을 제안하여 나만의 스타일을 찾아 더욱 특별하게 만들어줄 브랜드입니다. 헬렌카렌 뷔스티에 니트탑 3종은 데일리 에센셜로 부담스럽지 않은 기장과 넥라인으로 시즌 내내 활용 가능한 스타일링 아이템입니다. 이 뷔스티에는 단독으로도, 이너로도 활용 가능하여 다양한 룩을 연출할 수 있습니다. 부드러운 촉감과 뛰어난 탄성의 원사를 사용하여 편안한 착용감을 제공합니다. 3종 모두 다른 디자인으로 구성되어 활용도와 실용성을 높였습니다. 레이온과 나일론, 폴리에스터가 혼합된 원사는 최적의 무게와 밀도로 편직되어 적당히 탄탄한 텍스처를 자랑합니다. 특히, 레이온은 부드러운 촉감으로 맨살에도 착용 가능하며, 고급스러운 광택감과 자연스러운 드레이프를 통해 실루엣을 한층 더 우아하게 표현해줍니다. 또한, 질긴 나일론의 특성 덕분에 오염에 강하고 내구성이 뛰어난 장점도 가지고 있습니다. 각 컬러별로 다른 스타일과 디자인이 조화를 이루어 고급스러운 느낌을 더합니다. 자연스러운 체형 커버는 물론, 모든 컬러가 동일하게 암홀 끝과 밑단에서의 착용감이 우수하여 실용적인 아이템이 됩니다. 경쾌한 기장감으로 하이웨이스트 하의와 매치하면 다리라인이 길어 보이는 효과도 있습니다. 적당한 깊이감의 자연스러운 스퀘어넥 디자인으로 답답함 없이 캐주얼하게 스타일링이 가능하며, 어깨 라인은 자연스럽게 안착되어 오래 착용해도 흐트러짐 없이 아름다운 라인을 유지합니다. 안정적인 기장감과 입체적인 골지 조직감이 군더더기 없이 매력적인 실루엣을 완성해 줍니다. 헬렌카렌 뷔스티에 니트탑은 블랙, 베이지, 그레이의 3가지 색상으로 제공되며, 소재는 레이온 50%, 폴리에스터 30%, 나일론 20%로 이루어져 있습니다. 사이즈는 55, 66, 77, 88로 다양하게 준비되어 있습니다. 제조원은 주 동잠이며, 제조국은 중국입니다. 세탁 방법은 단독 손세탁을 권장하며, 건조기 사용은 불가합니다. 제조년월은 2024년 1월입니다. 이 뷔스티에 니트탑을 통해 편안하면서도 스타일리시한 룩을 완성해 보세요!"
이상봉에디션24FW 니트 1종,41155046_h.jpg,https://www.skstoa.com/display/goods/41155046,"타트 을스비티는 프리미엄 패션 브랜드로, 지속 가능하면서도 스타일리시한 니트를 제공합니다. 이 제품은 다양한 세대를 아우르며, 오랜 시간 동안 입을 수 있는 디자인으로 많은 사랑을 받고 있습니다. 여성 니트는 548468680으로, 다양한 색상과 스타일로 구성되어 있어 각기 다른 매력을 지니고 있습니다. 심플하면서도 세련된 디자인은 어떤 의상과도 잘 어울리며, 데일리룩에 포인트를 더해줍니다. 1985년에 설립된 이 브랜드는 남산에 본사를 두고 있으며, 컬렉션 의상으로 매장을 구성하여 많은 매니아층을 확보하였습니다. 현재는 전 세계 패션 위크와 국제 행사에서도 활발히 활동하고 있으며, 디자이너 이상봉의 독창적인 디자인 철학을 널리 알리고 있습니다. 이상봉 디자이너는 서울 컬렉션을 포함해 다양한 국제 패션쇼에서 초청받아 그의 뛰어난 디자인을 선보이고 있습니다. 2013년에는 한국과 스위스 수교 50주년 기념 패션 쇼를 취리히에서 개최하였고, 2012년 런던 올림픽 기념 패션 쇼도 성황리에 진행했습니다. 패션쇼 외에도, 이상봉 디자이너는 여러 전시회와 특별 행사에 참가하여 그의 작품을 전 세계에 알리고 있습니다. 특히, 영국 런던의 빅토리아 앨버트 박물관과 호주 시드니의 파워하우스 박물관에서 그의 의상이 영구 전시되고 있습니다. 이 브랜드의 니트는 간절기 시즌부터 초겨울까지 활용 가능한 아이템으로, 다양한 컬러와 스타일로 선택의 폭이 넓습니다. 특히, 선명한 컬러감과 세련된 실루엣은 누구나 쉽게 소화할 수 있어 매력적입니다. 지금 바로 타트 을스비티의 니트를 만나보세요. 고급스러움과 편안함을 동시에 느끼실 수 있을 것입니다."
이상봉에디션24FW 리본 팬츠 1종,41155684_h.jpg,https://www.skstoa.com/display/goods/41155684,"프리미엄 패션 브랜드 니드 5686680 가수 여러 다른 세대를 살아가는 경향이 있으며, 이는 1985년에 08 5308 8078 305을 처음으로 남산에 본사와 매장을 오픈하면서 시작되었습니다. 당시 샵에서 쇼복을 판매하지 않았던 관행을 깨고 컬렉션 의상으로 매장을 구성함으로써 많은 매니아층을 형성하게 되었습니다. 이런 새로운 컨셉을 바탕으로 그의 샵은 관심의 대상으로 떠오르며, 최단기간 내 성공한 디자이너라는 칭호를 얻게 됩니다. 재미있는 점은 그가 세계 각국의 패션 위크와 국제 행사에서 초청받아 패션쇼를 진행하고 있으며, 디자이너 이상봉의 디자인 철학을 알리는 등 인지도를 세계적인 수준으로 높이고 있다는 것입니다. 니드 현재 서울 컬렉션 컬렉션 2002 2013 프랑스 파리 프레타 포르테 컬렉션 2013 한국-스위스 수교 50주년 기념 패션 쇼 취리히, 스위스 한국-스위스 수교 50주년 기념 패션 쇼 비멘나, 오스트리아 2012 런던 올림픽 기념 패션 쇼 런던, 영국 초청 방콕, 태국 패션쇼 도쿄, 일본 2011 인천 공항 개항 10주년 기념 갈라 디너 패션 쇼 2010 한국-러시아 수교 20주년 기념 모스크바 패션 쇼 2007 중국 상하이 오프닝 패션 쇼 2006 프랑스 파리 한불 수교 120주년 기념 길라 전시 기획 및 참가 대한민국 경찰 창설 70주년 기념 경찰복 디자인 자문 2014 체리쉬 패션과 드라마틱 공간의 만남 소파 디자인 2011 페르노리카 코리아 작품 공동 제작 및 런칭 이상봉 에디션의 다양한 작품들이 세계 각지에서 전시되고 있으며, 영구 전시되는 작품으로는 빅토리아 앨버트 박물관 의상, 호주 시드니 파워하우스 박물관 의상, 오스트리아 빈의 웰트 박물관 의상 등이 있습니다. 2017 서울 아트페어 전시, 광명동굴 바비인형전 2015 한불 수교"
존스뉴욕24SS 프린트 원피스 1종,37967898_h.jpg,https://www.skstoa.com/display/goods/37967898,"뉴욕 클래식의 정석, 제트 706 상품명: 존스뉴욕 테일러드 프린트 원피스 컬러: 네이비, 레드 소재: 겉감, 안감 - 폴리에스터 100% 사이즈: 55, 66, 77, 88, 99 제조일: 2024년 2월 원산지: 베트남 세탁방법: 단독 손세탁, 건조기 사용 불가 또는 단독 드라이클리닝 이 원피스는 고심 끝에 선택된 소재와 세련된 프린트로, 누구나 편안하게 착용할 수 있는 아이템입니다. 셔츠형 카라로 스타일링이 완벽하게 이루어지며, 앞판 버튼으로 실용성을 더했습니다. 소매는 스모킹 자수 처리로 편안한 착용감을 제공합니다. 양쪽 앞판에는 각각 4개의 핀턱 디테일이 있어 여성스러운 실루엣을 강조합니다. 다양한 색상 조합이 고급스러움을 더하며, 화사하게 착용 가능한 패턴으로 여름철에 적합합니다. 네이비 프린트는 파스텔톤의 블루와 네이비 컬러를 기본으로 하여 민트와 엘로우 컬러로 포인트를 주었고, 레드 프린트는 레드와 퍼플 컬러로 포인트를 주면서 블랙과 그레이로 차분하게 완성되었습니다. 어깨, 소매 기장, 밑단, 총장 등의 사이즈 정보는 다음과 같습니다: - 어깨: 59, 60, 61 - 소매 기장: 40, 41, 42 - 밑단: 248, 253, 258, 263, 268 - 총장: 115, 116, 117 여름철에 적합한 이 원피스를 통해 스타일리시하고 편안한 룩을 완성해 보세요."
존스뉴욕24SS 썸머 비스코스 슬리브리스 니트 3종,38926160_h.jpg,https://www.skstoa.com/display/goods/38926160,"뉴욕 클래식의 정석, 존스뉴욕 썸머 니트 풀오버를 소개합니다. 이 제품은 비스코스 혼합 원사를 사용하여 가볍고 청량한 착용감을 제공합니다. 꼭 필요한 컬러 구성으로 활용도가 높은 에센셜 패키지입니다. 기계 세탁이 가능하여 관리 또한 편리한 소재로 제작되었습니다. 컬러: 아이보리, 블랙, 네이비 스트라이프 세미 보트넥 네크라인이 정돈되면서도 여성스러운 느낌을 주며, 어깨를 덮는 캡소매 디자인으로 팔의 군살을 커버해 줍니다. 이 니트는 체형 커버도 완벽하게 해주는 소재로, 여름철에도 시원하게 착용할 수 있습니다. 사이즈 정보: - 가슴둘레: 45.5, 48, 50.5, 53, 55.5 - 밑단둘레: 35.5, 38, 40.5, 43, 45.5 - 어깨넓이: 53, 55, 57, 59, 61 - 싸직선길이: 16.5, 17.5, 18.5, 19.5, 20.5 - 목넓이: 24, 24.5, 25, 26, 26.5 - 목깊이: 9.5, 10, 10.5, 11, 11.5 - 종장: 59, 60, 61, 62, 63 참고로 이 제품은 중국에서 제조되었으며, 기계 세탁이 가능합니다. 일상에서 활용하기 좋은 멋진 아이템으로, 여름철 스타일링에 꼭 필요한 아이템입니다."
헬렌카렌초특가 테일러드 롱재킷,33325422_h.jpg,https://www.skstoa.com/display/goods/33325422,"헬렌카렌은 페미닌한 감성에 클래식한 멋을 더한 스타일링으로, 편안한 아이템들을 제안하여 나만의 스타일을 찾아 일상을 더욱 특별하게 만들어줄 브랜드입니다. **헬렌카렌 테일러드 블레이저 코트** 헬렌카렌에서 처음 선보이는 이 블레이저 코트는 올드 머니룩을 완성할 최적의 아이템입니다. 재킷 1등 브랜드 헬렌카렌이 엄선한 원단과 노하우가 담긴 정교한 패턴으로, 고급스러운 부자재 디테일로 완성된 이번 시즌 강력 추천 아이템입니다. 이 코트는 이너와 하의를 가리지 않으면서도 멋스럽고 간편한 코디를 완성할 수 있으며, 긴 기장감으로 체형 커버까지 가능합니다. 편안한 착용감과 함께 멋스러운 포인트를 줄 수 있는 디자인입니다. 블레이저 코트의 라인은 과하게 드러나지 않으면서도 슬림해 보이는 효과를 줍니다. 수트 칼라의 깊은 자 모양은 목선을 가늘고 길어 보이게 하며, 솔더 라인에는 패드가 내장되어 있어 착용 시 흐트러지지 않고 완벽하게 유지됩니다. 바스트 삼단에는 장식용 웰트 포켓이 더해져 클래식한 매력을 살리고, 앞판 포켓 위로 양 사이드에 다트선을 추가해 입체감 있는 실루엣을 완성합니다. 허리 양 사이드에는 실용성과 장식성을 더한 포켓이 있어 기능성 또한 갖추고 있습니다. 겉감과 동일한 원단으로 덧대어져 있어 연출이 가능하며, 활동성이 우수하여 데일리 룩에 적합합니다. 이번 블레이저 코트는 폴리에스터 73%, 레이온 20%, 폴리우레탄 7%로 구성되어 있으며, 안감은 폴리에스터 100%로 되어 있어 편안한 착용감을 제공합니다. 사이즈는 55, 66, 77, 88로 다양하게 준비되어 있으며, 제조원은 주 동잠, 제조국은 중국입니다. 세탁 방법은 단독 드라이클리닝을 권장합니다. 이 코트는 2023년 7월에 제조되었으며, 스타일과 품질을 모두 갖춘 헬렌카렌의 블레이저 코트로, 특별한 날이나 일상에서 모두 활용하기 좋은 아이템입니다."
리오벨*포토상품평 양가죽 장갑*24 Pre winter 호주산 양모 100 무스탕 롱 코트,41470671_h.jpg,https://www.skstoa.com/display/goods/41470671,"모피 피혁 전문 브랜드 리오벨이 다양한 소재와 트렌디한 디자인으로 자리 잡았습니다. 리오벨의 0010 8116 컬렉션은 더 젊고 특별한 레더 이상의 가치를 담고 있습니다. 겨울철 필수 아이템으로, 여유롭게 떨어지는 입체적인 패턴이 특징인 이 제품은 착용 시 부해 보이지 않으며, 이면은 호주산 양모로 제작되어 있습니다. 카라는 긴 양모로 되어 있고, 바디는 중간 양모로 편안함을 제공합니다. 비버 소재의 이 제품은 와이드한 카라가 멋스러우며, 추운 겨울에는 카라 끝까지 지퍼를 올려 따뜻하게 사용할 수 있습니다. 적당한 길이의 앞트임이 있어 보행 시 불편함이 없고, 소매 턴업이 가능하여 소매 기장의 수선이 필요 없습니다. 주머니 속 안감은 벨벳 느낌의 원단으로 처리되어 섬세함을 더해주며, 모던한 감성의 디테일로 전체적인 디자인을 완성합니다. 양모 롱 무스탕은 스티치 봉제로 깔끔하게 마무리되어 겨울 데일리 룩으로 멋진 연출이 가능합니다. 이 제품은 패션 필수 아이템으로 손색이 없으며, 다양한 색상으로 제공되어 내구성과 보온성이 뛰어납니다. 편리한 관리가 가능하며 쉽게 오염되지 않아 실용적입니다. 다양한 스타일에 잘 어울리며, 겨울철 패션을 한층 업그레이드해줄 아이템입니다."
이상봉에디션[이상봉에디션] 니트 1종,202409105998_h.jpg,https://www.skstoa.com/display/goods/deal/202409105998,간절기 시즌부터 초겨울까지 헤비 아우터 안에 데일리하게 레이어드 하기 좋은 24 FALL FULL NEEDLE KNIT 1 종！힘 없이 늘어지는 니트가 아닌． 12게이지의 풀 나들 편직 니트로 도톰하고 탄력적이면시 그립감이 쫀쫀해 멋스럽게 떨어지는 실루엣의 연출이 가능한 아이템. 레이온과 폴리에스터 혼방으로 서로의 단점을 보완해주면서 적당한 탄력과 부드러움을 갖추고요철감 없이 플레인하게 짜여진 평직으로 보풀감을 최소화시킨 상품．루즈한 핏으로 체헝의 구애없이 편안하게 착용이 가능하고 뒷 넥은 단추 디테일로 착탈의에 용이하여 디테일 하나하나 신경 쓴 퀄리티 높은 니트. 심플하면서 깔끔한그레이 컬러와. 차분한그린．선명한 컬러감으로 포인트가 되어주는 블루와 레드，데일리의 정석 블랙．총 5가지 컬러 구성으로 취향에 맞게 다양한 선택이 가능한 아이템
CERINI by PAT여성 워셔블 이지 케어 셔츠 블라우스 4종,37601618_h.jpg,https://www.skstoa.com/display/goods/37601618,"006 100 2 트렌디한 기능성 블라우스 4종 세트 색상: 네이비, 아이보리, 그레이 사이즈: 55, 66, 77, 88, 99 가격: 64900원 소재: 폴리에스터 96%, 폴리우레탄 4% 상세 설명: 이 블라우스는 카라 디자인이 독특하여 턱선이 더욱 갸름해 보이는 효과를 줍니다. 소매 부분은 두 개의 단추로 조절 가능하며, 활동성을 고려한 트임 디자인으로 편안한 착용감을 제공합니다. 사이즈 표: - 총 장: 69cm, 70cm, 71cm, 72cm, 73cm - 어깨 넓이: 38.3cm, 39.5cm, 40.7cm, 41.9cm, 43.1cm - 가슴 둘레: 99cm, 104cm, 109cm, 114cm, 119cm - 허리 둘레: 98cm, 103cm, 108cm, 113cm, 118cm - 밑단 둘레: 103cm, 108cm, 113cm, 118cm, 123cm - 소매 길이: 56cm, 57cm, 58cm, 59cm, 60cm 세탁 방법 및 주의 사항: - 기계 세탁 가능, 중성세제로 세탁해주세요. - 효소 세제는 사용하지 마십시오. - 세제를 30분 이상 담가 두거나 젖은 상태로 방치하지 않도록 주의해 주세요. 진한 색상은 이염될 수 있습니다. - 탈색 우려가 있으니 찬물에 세탁 하시고, 미지근한 물에 담가 주세요. - 건조기 사용은 피해주세요. 제조원 및 원산지: - 제조원: 주 웰투두 - 원산지: 중국 - 제조년월: 2024년 02월 배송 안내: 상품 주문 후 영업일 기준으로 주말을 제외하고 익일 출고됩니다. 배송은 택배사의 사정에 따라 2~3일 이상 지연될 수 있습니다. 주문 취소는 배송 준비 중 오전 9시 이전까지 가능합니다. 이후 취소 요청 시 상품 수령 후 반송하셔야 하며, 왕복 택배비가 발생할 수 있습니다. 이 블라우스는 스타일과 편안함을 모두 갖춘 아이템으로, 다양한 상황에서 활용할 수 있어 매우 추천드립니다!"
존스뉴욕24FW 트위드재킷,41618311_h.jpg,https://www.skstoa.com/display/goods/41618311,"뉴욕 클래식의 정석, 뷔6 누카입니다. 시간이 지나도 변하지 않는 클래식 재킷을 찾고 계신다면, 이 아이템이 바로 당신을 위한 선택입니다. 뉴욕만의 독특한 클래식 무드를 담은 이 재킷은 스타일과 품격을 동시에 제공합니다. 다양한 색상으로 제공되며, 특히 버건디 색상이 매력적입니다. 제품의 주요 특징: - 겉감: 폴리에스터 100% - 안감: 폴리에스터 100% - 세탁 방법: 드라이클리닝 권장 사이즈는 55, 66, 77, 88, 99 사이즈로 준비되어 있어 다양한 체형에 맞춰 선택하실 수 있습니다. 이 클래식 재킷은 베트남에서 제작되어 품질이 뛰어나며, 어떤 스타일에도 잘 어울려 데일리룩은 물론 특별한 자리에도 적합합니다. 스타일리시하면서도 편안함을 잃지 않은 이 재킷으로 당신의 패션을 한층 끌어올려 보세요! 2024년 7월 출시 예정입니다."
존스뉴욕24SS 프렌치 린넨 100 재킷,37606462_h.jpg,https://www.skstoa.com/display/goods/37606462,"뉴욕 클래식의 정석 제트 706 여름 재킷, 린덴 소재의 고급스러움 극대화 존스 뉴욕 테일러드 스타일로, 세련된 무드를 완성합니다. 싱글 버튼에 노치드 라펠카라가 특징이며, 단추 옆 테두리의 디테일이 포인트입니다. 프렌치 린덴 100%로 제작되어 충분한 일조량과 바다에 인접한 지리적 특성을 가진 프랑스 서북부 지역에서 재배된 린을 사용하였습니다. 부드러운 촉감과 은은한 컬러감이 매력적입니다. 렌 소재는 높은 통풍성으로 더운 여름에도 착용이 가능하며, 내추럴하면서 고급스러운 칼라감의 색상 표현이 가능합니다. 소재 특유의 자연스러운 구김이 멋스러움을 더해줍니다. 사이즈 정보: 가슴 둘레: 94, 99, 104, 109, 114 허리 둘레: 90, 95, 100, 108, 110 밑단 둘레: 109, 114, 119, 124, 129 어깨: 40.5, 41.5, 42.5, 43.5, 44.5 소매 길이: 59, 59, 64, 60.5, 61.5 총장: 66, 66, 64, 67, 68 컬러는 네이비, 브라운, 베이지로 다양하게 선택할 수 있으며, 겉감은 아마 100%, 안감은 폴리에스터 100%로 제작되었습니다. 드라이클리닝을 권장합니다. 편안하면서도 스타일리시한 여름 재킷을 찾고 계신다면 이 제품을 추천드립니다!"
베이직하우스24FW 에센셜 티셔츠 패키지 7종,41425390_h.jpg,https://www.skstoa.com/display/goods/41425390,"**베이직하우스 7종 패키지** 본 상품은 세트 상품으로 단품 구매가 불가능한 상품입니다. 구성: 7종 패키지 (모델 번호: 65561114L) 가격: 45,100원 --- **오베 비디 에 라네 8세 고고도 소나기 주** 중량감 있는 면 100% 원단으로 제작하여 늘리고 핏을 더욱 여유 있게 만든 레글러 핏 티셔츠입니다. 부드럽지만 탄탄한 질감으로, 화이트, 그레이, 블랙 선택이 가능합니다. 이 티셔츠는 레이어드 착장까지 고려한 섬세한 구성으로, 3종 구성으로 제공됩니다. 가격: 36,400원 24시간 내내 편안함을 제공합니다. 집에서도 편하게 관리할 수 있으며, 기계 세탁이 가능합니다. 여유로운 핏과 부드러운 착용감으로 매일 입고 싶은 아이템입니다."
헬렌카렌초특가 Essential 23SS 트위드 재킷,30117914_h.jpg,https://www.skstoa.com/display/goods/30117914,"헬렌카렌은 우리의 기분을 즐겁게 만들어 줄 봄과 여름의 생동감을 담아 준비했습니다. 평범한 일상 속에서 순간의 아름다움이 특별하게 기억되도록 당신의 빛나는 순간을 위해 다양한 스타일링을 도와줄 룩들을 선보입니다. 헬렌카렌의 트위드 재킷은 클래식의 대명사로, 수많은 브랜드에서 특히 주목하는 소재인 트위드를 사용했습니다. 이번 봄 신상 재킷은 트위드 아이템 중 가장 활용도가 높은 에센셜 상품으로, 다양한 원사 조합의 톤온톤 컬러 매칭으로 덜 부담스러우면서도 메탈릭 포인트를 더하여 트위드 특유의 고급스러운 컬러감과 텍스처가 돋보입니다. 베이직하고 유행을 타지 않는 디자인이지만 최신의 실루엣을 더해 늘상 입는 룩에 화사한 포인트가 될 아이템입니다. 각 시즌 헬렌카렌의 대표적인 에센셜 시그니처 룩은 유행을 타지 않으면서 시즌별로 가장 활용도가 높고 다양한 코디가 가능한 핵심 아이템입니다. 시즌을 대표하는 시그니처 룩으로, 어떠한 룩에도 잘 어울리며 매일 입어도 편안한 느낌을 제공합니다. 이번 재킷은 선염 원단으로 만든 톤온톤 컬러의 크고 작은 실과 부분적으로 메탈릭 원사가 믹스되어 있어, 블랙에는 실버사, 아이보리에는 골드사, 핑크에는 핑크사를 사용하여 은은한 반짝임이 감각적인 컬러 조합과 어우러져 세련된 느낌을 줍니다. 트위드 표면의 텍스처를 통해 부드럽고 유연한 느낌이 나도록 원사의 굽기와 종류에 차이를 두고 믹스하여 정교한 조직감이 돋보이며 볼륨감 있는 텍스처가 포인트인 소재입니다. 또한, 트위드 원단의 가벼운 볼륨감으로 구김이 잘 가지 않고 형태 안정성이 우수하여 관리와 보관이 용이합니다. 스타일리시한 목선과 길어 보이는 다리 라인을 연출하는 세미 크롭 기장감은 외관상 깔끔함을 더하며, 오른쪽에만 장식 포켓 디테일이 있는 멋스러운 디자인입니다. 전체 스트레치 안감을 사용하여 활동성을 극대화 시켜 유연한 움직임을 가능하게 합니다. 이 재킷은 블랙, 아이보리, 핑크 세 가지 색상으로 제공되며, 겉감은 폴리에스터 72%, 레이온 27%, 기타 1%로 구성되어 있습니다. 안감은 폴리에스터 00%입니다. 세탁 시 반드시 단독 석유계 드라이 크리닝을 권장하며, 기계 건조기 사용은 금지합니다. 2023년 1월에 출시된 헬렌카렌의 트위드 재킷으로, 당신의 스타일에 세련됨을 더해보세요!"
헬렌카렌23FALL 니팅 데님 팬츠 2종,32899728_h.jpg,https://www.skstoa.com/display/goods/32899728,"헬렌카렌은 페미닌한 감성과 클래식한 멋을 조화롭게 담아낸 브랜드입니다. 편안한 스타일링의 아이템들을 제안하여, 나만의 스타일을 찾고 일상을 더욱 특별하게 만들어줄 것입니다. 2023년 신상품으로 헬렌카렌의 니팅 데님 팬츠 2종을 소개합니다. 가을에 어울리는 이 팬츠는 지금 구매하셔서 바로 입을 수 있습니다. 니트 데님은 일반 데님 조직과는 달리 니팅 직조 방식으로 제작되어 부드럽고 유연한 소재감을 느낄 수 있으며, 폴리우레탄이 추가되어 신축성이 뛰어납니다. 헬렌카렌에서 처음 선보이는 완벽한 핏의 가을 데님으로, 불편함 없이 날씬하고 곧게 떨어지는 스트레이트 핏을 자랑합니다. 어떤 상의와 매치해도 멋스럽고 웨어러블한 2종 세트인 이 팬츠는 미디움 인디고와 다크 인디고 두 가지 색상으로 제공됩니다. 착용감 또한 뛰어나며 구김이 적고 관리가 용이한 데님입니다. 헬렌카렌의 니팅 데님은 고리 형태의 니트 짜임 방식으로 신축성이 우수하며, 통기성이 뛰어나 편안한 착용감을 제공합니다. 원단의 축을 미리 잡아주어 신축성과 형태 안정성을 오래도록 유지시켜 줍니다. 기계 세탁이 가능하고 손세탁도 가능하여 관리가 매우 간편합니다. 상품명: 헬렌카렌 니팅 데님 팬츠 2종 구성: 팬츠 2종 색상: 미디움 인디고, 다크 인디고 소재: 면 40%, 레이온 28%, 폴리에스터 24%, 폴리우레탄 8% 사이즈: 55, 66, 77, 88, 99 제조원: 주 아정텍스 제조국: 베트남 세탁 방법: 기계 세탁 가능, 손세탁 가능, 건조기 사용 금지 제조년월: 2023년 6월 지금 헬렌카렌의 니팅 데님 팬츠를 만나보세요! 스타일과 편안함을 동시에 경험하실 수 있습니다."
헬렌카렌초특가 Essential 썸머 링클프리 텐션재킷,26186103_h.jpg,https://www.skstoa.com/display/goods/26186103,"이번 여름 시즌, 단 하나의 에센셜 라벨로 선보이는 썸머 재킷입니다. 클래식함과 포멀함이 공존하는 웨어러블 아이템으로, 다크 네이비 색상이 매력적입니다. 헬렌카렌의 각 시즌을 대표하는 에센셜 시그니처 룩으로, 유행을 타지 않으면서 시즌별로 가장 활용도가 높은 아이템입니다. 한정 수량으로 제공되며, 다양한 코디가 가능해 놓칠 수 없는 에센셜 아이템입니다. 세련된 코디를 완성해 보세요. 링클프리 썸머 트윌 원단으로 제작되어 우수한 드레이프성과 편안한 착용감을 자랑합니다. 원단 결을 따라 은은한 멜란지 컬러감이 시원해 보이는 효과를 주며, 가벼운 무게와 탄탄함이 느껴져 착용 시 재킷의 형태감을 잘 잡아줍니다. 부드러운 터치감과 자연스러운 드레이프성으로 세련된 룩을 연출할 수 있습니다. 링클프리 소재를 사용하여 구김을 최소화하였으며, 세탁망에 넣어 손쉽게 기계 세탁이 가능합니다. 관리가 용이하여 매일 입기 좋은 아이템입니다. 썸머 시즌에 편안하게 걸치기 좋은 점 블라우스 스타일 재킷으로, 전체적으로 여유로운 사이즈에 뒤판 허리 빌티드 디테일이 실루엣을 잡아주어 부해 보이지 않게 라인을 잘 잡아줍니다. 여성스럽고 부드러운 테일러드 카라 디자인으로, 전체 안감이 없어 여름에 시원하고 가볍게 착용할 수 있습니다. 정면에 4개의 버튼과 이너 버튼이 있어 안정감 있게 착용할 수 있으며, 헬렌카렌의 이니셜이 새겨진 자체 제작 단추로 디테일 완성도를 높였습니다. 손목이 살짝 드러나는 7부 소매로 경쾌한 느낌을 주며, 맞주름으로 볼륨감을 살려주는 디자인이 매력적입니다. 양 사이드에는 플랩 디테일의 실용적인 주머니가 있어 사용 편의성을 높였습니다. 정면 기장보다 후면 기장을 더 길게 디자인하여 힙라인을 충분히 가리면서 우아한 실루엣을 연출합니다. 재킷은 다크 네이비, 핑크 베이지, 라임 엘로우 색상으로 제공되며, 재질은 폴리에스터 83%, 레이온 13%, 폴리우레탄 4%로 구성되어 있습니다. 단독 기계 세탁이 가능하며, 건조기 사용은 불가합니다. 이 썸머 링클프리 텐션 재킷은 여름철 필수 아이템으로, 편안함과 스타일을 동시에 챙길 수 있는 완벽한 선택입니다!"
존스뉴욕24SS 렉싱턴 데님팬츠,37606167_h.jpg,https://www.skstoa.com/display/goods/37606167,"뉴욕 클래식의 정석, 제트 706! 존스뉴욕의 데님 팬츠는 클래식하면서도 세련된 감각을 자랑합니다. 글로벌 데님 그룹 어드밴스사의 특별한 원단으로 제작되어, 편안한 착용감과 안정된 핏을 제공합니다. 이 팬츠는 미드라이즈 스타일로 하복부까지 감싸주어 활동성을 높이고, 다양한 스타일에 잘 어울립니다. 다크 인디고와 인디고 색상으로 준비되어 있어, 취향에 맞게 선택할 수 있습니다. 허리 안쪽에는 활동성을 고려한 디테일이 추가되어 더욱 편리합니다. 세련된 디자인과 편안함을 동시에 갖춘 이 데님 팬츠로 스타일을 완성해보세요! 매일 입고 싶어지는 데님 팬츠입니다. 지금 바로 만나보세요!"
존스뉴욕24SS 썸머 쿨 팬츠 1종,39030389_h.jpg,https://www.skstoa.com/display/goods/39030389,"**상품명: 존스뉴욕 썸머 팬츠** 뉴욕 클래식의 정석을 담은 존스뉴욕의 썸머 팬츠를 소개합니다. 이 팬츠는 테일러링 노하우가 반영되어, 여름철에 시원하고 편안한 착용감을 제공합니다. 고급스러운 원단으로 제작되어 가벼우면서도 관리가 용이하여 기계 세탁이 가능합니다. 링클 프리 기능이 적용되어 구김 걱정 없이 언제 어디서나 멋스러운 스타일을 연출할 수 있습니다. 또한, 자외선 차단 기능이 있어 피부를 보호해주는데도 탁월합니다. 디자인면에서도 신경을 썼습니다. 앞뒤 길게 잡힌 레직기 디자인으로 다리를 더욱 날씬해 보이게 하며, 실용적인 아웃포켓을 추가하여 디자인 포인트를 더했습니다. 밑단에는 최대 3cm 기장 수선이 가능하도록 시접 여유분이 포함되어 있습니다. **사이즈 안내:** - 허리둘레: 69, 74, 79, 84, 89 cm - 엉덩이둘레: 93, 98, 103, 108, 113 cm - 허벅지둘레: 62, 64.5, 67, 69.5, 72 cm - 무릎둘레: 54, 56, 58, 60, 62 cm - 부리둘레: 51, 53, 55, 57, 59 cm - 앞밑위길이: 29, 29.5, 30, 28.5, 30.5 cm - 총장: 100, 100.5, 101.5, 101.8, 102.5 cm **컬러 옵션:** 블랙, 베이지 **소재:** 폴리에스터 97%, 폴리우레탄 3% **제조일:** 2024년 2월 **원산지:** 베트남 **세탁방법:** 기계세탁 가능 여름철 필수 아이템으로, 편안함과 스타일을 동시에 챙길 수 있는 존스뉴욕 썸머 팬츠를 추천합니다!"
헬렌카렌THE PREMIUM 폭스퍼 폴란드구스 롱 벨티드 다운,29004397_h.jpg,https://www.skstoa.com/display/goods/29004397,"헬렌카렌의 프리미엄 룩으로 당신의 가치를 더욱 높여보세요. 기나긴 팬데믹을 끝내고 일상이 돌아온 지금, 헬렌카렌은 편안하면서도 다양한 스타일링을 제안합니다. 이번 시즌 헬렌카렌의 아이템은 유행에 구애받지 않으며 시간이 지나도 변하지 않는 소장가치 있는 아이템들로 구성되어 있습니다. 특히, 헬렌카렌의 롱 벨티드 다운 코트는 고급스러운 폴란드 구스를 사용하여 제작되었습니다. 100년이 넘는 전통을 가진 이태리 미나르디가 만든 프리미엄 구스는 뛰어난 보온성과 가벼움을 자랑합니다. 입체 패턴과 우아한 실루엣으로 고급스럽고 페미닌한 느낌을 더해줍니다. 헬렌카렌은 더욱 좋은 상품을 가장 합리적인 가격으로 고객님들에게 제안합니다. 세심하고 정교한 디테일로 제작된 이 아이템은 소장가치가 높으며, 다운이 세지 않는 고밀도 소프트 원단으로 편안한 착용감을 제공합니다. 또한, 헬렌카렌은 품질을 보장하기 위해 엄격한 품질 관리 시스템을 운영하고 있습니다. 덕분에 고객님들은 안심하고 제품을 선택할 수 있습니다. 모든 헬렌카렌 제품은 스타일과 실용성을 동시에 고려하여 설계되었습니다. 헬렌카렌의 다양한 아이템으로 올겨울을 따뜻하고 세련되게 보내보세요."
조이너스24FW 파워 텐션 밴딩팬츠 3종,41395685_h.jpg,https://www.skstoa.com/display/goods/41395685,"올트즈 팬츠, 3종으로 구성된 밴딩 슬랙스입니다. 이 팬츠는 가을부터 초겨울까지 편안하게 착용할 수 있는 아이템으로, 조이너스의 추천 제품입니다. 팬츠는 깔끔한 실루엣의 밴딩 디자인으로, 관리가 용이한 폴리에스터 원단과 폴리우레탄 혼합 소재로 만들어져 내구성이 뛰어나고 활동성을 극대화할 수 있습니다. 외부는 은은하고 유연한 텍스처가 돋보이며, 내부는 부드럽고 편안한 착용감을 제공합니다. 이 제품은 이지케어 아이템으로, 스트레치와 링클프리 기능을 갖춰 구김이 적고 편안하게 착용할 수 있습니다. 기계 세탁이 가능해 관리도 간편합니다. 특히 복부를 탄탄하게 잡아주는 효과가 있으며, 무릎선은 살짝 높게 디자인되어 있어 다리가 슬림하고 길어 보이는 효과를 줍니다. 허리 부분에는 장식 단추가 있어 세련된 디테일을 더했습니다. 컬러는 블랙, 네이비, 베이지로 제공되며, 각 컬러마다 흑니켈과 골드 컬러 단추가 조화를 이루고 있습니다. 사이즈는 55, 66, 72, 88로 준비되어 있으며, 원산지는 중국입니다. 구매 전 세탁 주의사항을 반드시 확인해 주시기 바랍니다. 2024년 8월 기준으로 최신 정보입니다."
버커루[버커루]23SS 여성 라운드티셔츠 4종SET,31556048_h.jpg,https://www.skstoa.com/display/goods/31556048,"['2023년 새로운 티셔츠 컬렉션이 출시되었습니다. 다양한 스타일과 색상으로 준비된 이 제품은 여러분의 데일리 룩에 완벽하게 어울립니다. 버커루 라운드 티셔츠는 가슴 비즈 로고와 오로라 프린팅으로 차분한 브라운 컬러의 조화가 매력적입니다. 여성스럽고 고급스러운 디자인이 돋보이며, 캐주얼한 느낌과 함께 페미닌한 무드를 선사합니다. \n\n블랙, 화이트, 브라운, 오트밀 색상으로 구성되어 있어 다양한 스타일링이 가능합니다. 특히, 빅사이즈의 로고 매칭으로 포인트를 주어 경쾌한 디자인이 매력적입니다. \n\n이 티셔츠는 컴포트핏으로 활동성을 고려하여 디자인되었으며, 기계 세탁이 가능하여 관리가 쉽습니다. 라운드넥 스타일로 깔끔하게 스타일링할 수 있으며, 세미 오버핏으로 어떤 체형에도 부담 없이 잘 어울립니다. 제조년월: 2023년 2월 \n소재: 면 68%, 폴리에스터 29%, 폴리우레탄 3% \n제조국: 베트남 \n\n교환 및 반품은 택 제거 후 착용, 수선, 세탁이 이루어진 경우에는 어려울 수 있으니 유의해 주세요. \n\n세탁 시 주의사항: 유색 제품과 분리 세탁을 권장하며, 지퍼나 단추를 잠근 상태에서 세탁해 주시기 바랍니다. \n\n사이즈 정보는 다음과 같습니다: \n- 사이즈: 90, 95, 100, 105 \n- 어깨너비: 42, 44, 46, 48 \n- 가슴둘레: 96, 100, 104, 108 \n- 밑단둘레: 97, 101, 105, 109 \n- 소매기장: 20, 21, 22, 23 \n\n버커루 티셔츠로 스타일을 완성해 보세요!']"
존스뉴욕24SS 트렌치코트,37606107_h.jpg,https://www.skstoa.com/display/goods/37606107,"뉴욕 클래식의 정석, 제트 706 트렌치코트입니다. 경쾌한 기장감으로 돌아온 존스뉴욕 시그니쳐 아이템으로, 네이비와 베이지, 레드 색상으로 제공됩니다. 앞넥에는 비즈 장식으로 고급스러운 마무리를 더했으며, 등판 부분은 플랩 디자인으로 클래식한 무드를 완성했습니다. 변화하는 날씨에 맞춘 스마트한 원단으로, 탄탄한 클래식 코트의 외관과 기능성을 갖추고 있어 실용적입니다. 특히 링클 프리 기능성 원단을 사용하여 활용도를 높였으며, 강한 자외선으로부터 옷의 손상과 변색을 막아주는 차단 기능도 갖추고 있습니다. 사이즈는 가슴 둘레, 어깨 너비, 소매 부리, 소매 통 등 다양한 옵션을 제공하여 체형에 맞게 선택할 수 있습니다. 또한, 겉감과 안감 모두 폴리에스터 100%로 제작되어 내구성이 뛰어납니다. 드라이클리닝으로 관리할 수 있으며, 베트남에서 제작되었습니다. 이 멋진 트렌치코트는 어느 계절에나 스타일리시하게 착용할 수 있어, 옷장에 꼭 추가해야 할 아이템입니다."
데니스골프24FW 레이어드 더블 재킷,41463732_h.jpg,https://www.skstoa.com/display/goods/41463732,"자연과 도시, 스포츠와 일상을 아우르는 고객의 라이프 스타일에 최적화한 데일리 멀티 웨어입니다. 전 세계에 널리 알려진 캐릭터로, 다양한 고객층에 편안하면서도 품격 있는 미국 라이선스 브랜드입니다. 제품명: 데니스 레이어드 더블 자켓 색상: 매트 블랙, 모카, 스모키 그린 가격: 50,000원 일상과 필드 어디서나 가볍고 편안하게 착용 가능한 나일론 스판 소재로, 밀도감과 부드러운 터치감을 선사합니다. 스판덱스 시장의 점유율 1위 브랜드인 효성 크레오라를 사용하여 가변적인 쾌적함을 제공하는 울트라 스트레치 원단입니다. 아웃도어 활동 시 편안함을 느낄 수 있으며, 관리 또한 용이한 소재입니다. 여성스러운 스타일로 다양한 연출이 가능한 골프 스윙 점퍼는 필드와 일상에서의 코디가 쉬운 아이템입니다. 유행을 타지 않는 부드럽고 고급스러운 컬러로, 단정하고 시크한 느낌을 줍니다. 클래식한 컬러는 오래도록 사랑받는 매력을 지니고 있습니다. 겹쳐 입기 좋은 신축성과 편안함을 갖춘 골프웨어의 최적화된 소재입니다. 내구성이 좋은 나일론 소재를 베이스로 하여 가벼우며 몸에 감기지 않아 쾌적한 착용감을 제공합니다. 탄성이 우수한 소재로 안정성을 높여 멋스럽고 편안하게 착용할 수 있습니다. 이 제품은 매트한 표면의 느낌을 살려 자연스럽고 부드러운 느낌을 주며, 시각적으로도 고급스러운 컬러감을 구현하여 연출합니다. 세계적인 효성의 스판덱스를 사용하여 전방향으로 텐션감이 있어 활동성과 복원력이 뛰어납니다. 편안한 착용감을 선사하는 드레이프성이 뛰어난 소재입니다. 매끄러운 터치감으로 날씬하게 떨어지는 실루엣을 연출하며, 관리가 쉬운 이지 케어 링클 프리 소재로 구김이 적고 내구성이 뛰어난 형태 유지를 자랑합니다. 언제나 새 옷처럼 입을 수 있는 소재입니다. 발수 기능과 정전기 방지, 투습 기능을 갖춘 원단은 물이나 액체로부터 보호하며, 정전기를 방지하고 내부 습기를 배출하여 쾌적한 착용감을 유지합니다. 자외선 차단과 외관 평활성까지 갖춘 이 제품은 편리하게 관리할 수 있어, 깔끔하게 착용 가능합니다."
NnF초특가 여성 원피스 상하의 셋업 3종 세트,39257500_h.jpg,https://www.skstoa.com/display/goods/39257500,"여성 피케 배색 원피스 상하의 셋업 3종 이 제품은 40대와 60대 고객들을 위한 합리적인 가격대의 브랜드입니다. 다양한 고객들이 자신을 표현할 수 있도록 도움을 주는 제품들로 구성되어 있습니다. 여성용 원피스 1종과 상하의 셋업 2종이 포함되어 있으며, 기계 세탁이 가능하여 관리가 편리합니다. 가벼운 터치감과 우수한 통기성을 자랑하는 피케 원단으로 제작되어 여름철에도 시원하게 착용할 수 있습니다. 디자인 면에서도 앞판에 사선으로 떨어지는 자연스러운 절개가 있어 슬림한 시각적 효과를 주며, 늘어짐 없이 짱짱하게 착용 가능합니다. 양쪽 사이드와 힙 부분에 포켓이 있어 수납이 용이합니다. 허리에는 스트링 스토퍼가 달려 있어 다양한 스타일 연출이 가능하며, 프린세스 라인으로 절개된 앞판과 뒷판이 슬림한 실루엣을 강조합니다. 사이즈는 55, 66, 77, 88, 99로 다양하게 준비되어 있으며, 색상은 블랙, 네이비, 그린, 핑크, 블루로 선택할 수 있습니다. 겉감은 레이온 60%, 폴리에스터 37%, 폴리우레탄 3%로 제작되어 부드러운 착용감을 제공합니다. 이 제품은 2024년 3월에 제조되었으며, 품질 보증 기준은 관련 법규 및 소비자 분쟁 해결 기준을 따릅니다. 고객센터는 070-4272-4816으로 문의하시면 됩니다. 편안하고 스타일리시한 이 원피스를 통해 특별한 날에도 일상에서도 멋진 모습을 연출해 보세요!"
HUMMER★SK 스토아 단독★ 여성 H2 라이크라 셋업+소로나티셔츠,37698888_h.jpg,https://www.skstoa.com/display/goods/37698888,"내 비즈니스에서 험머 라이크라 셋업 소로나 티셔츠와 자켓, 팬츠를 소개합니다. 이 제품은 기능성이 뛰어나고 차단, 발수, 링클 프리 기능을 갖추고 있습니다. 티셔츠는 흡습 속건 기능이 있어 다양한 활동에 적합합니다. 이 제품은 가벼운 소재로 제작되어 신체에 부담을 주지 않으며, 신축성이 뛰어나 일상생활은 물론 등산과 골프 등 다양한 활동에 활용할 수 있습니다. 긴 시즌 동안 다양하게 착용할 수 있는 의류입니다. 라이트 카키 색상으로 제공되는 이 제품은 테크니컬한 요소와 트렌디한 디자인이 조화를 이루고 있습니다. 충분한 수납공간과 편리함 덕분에 일상생활에서 딱 맞는 스타일을 제공합니다. 험머는 270 섬유를 사용하여 세계적으로 잘 알려진 브랜드로, 험머에서 사용된 7049 섬유는 우리 몸과 함께 움직이며 내구성이 뛰어난 옷으로 설계되었습니다. 지속적인 편안함을 제공하여 일상에서의 사용이 매우 쾌적합니다. 이 제품은 품질 보증 태그를 통해 엄격한 품질 관리와 공정을 거쳐 생산되었으며, 규격 및 외관 검사, 물성 검사에 통과한 제품입니다. 라이크라 자켓, 팬츠, 티셔츠는 각각 블랙과 라이트 카키 색상으로 제공되며, 다양한 사이즈가 준비되어 있습니다. 사이즈는 측정 방법에 따라 약간의 차이가 있을 수 있으며, 제품 색상은 사용자의 모니터 해상도에 따라 다소 차이가 있을 수 있습니다. 모든 제품은 기계 세탁이 가능하지만 건조기 사용은 금지되어 있으니 참고하시기 바랍니다. 이 스타일리시한 험머 의류로 여러분의 일상을 더욱 특별하게 만들어보세요!"
NnF24SS SK단독 여성 썸머 패턴 반바지 3종,39790715_h.jpg,https://www.skstoa.com/display/goods/39790715,"나게는 ""캐치프레이즈""로 40대와 60대 고객들을 대상으로 다양한 위치에서 자신을 표현할 수 있는 합리적인 가격대의 제품을 제공하는 브랜드입니다. 이 제품은 관리가 편리한 팬츠 3종으로 구성되어 있습니다. 원단은 폴리에스터 90%와 폴리우레탄 10%로, 총조직감이 뛰어나 세탁 시 변형을 최소화하고 형태 보존성이 우수합니다. 원단 표면은 은은한 광택감과 조직감이 있어 보풀에 강하며, 피부에 들러붙지 않아 편안하게 착용할 수 있습니다. 팬츠는 무릎 위까지 오는 기장으로 S라인으로 퍼지는 핏을 자랑합니다. 허리에는 360도로 디자인된 밴드가 있어 입고 벗기 편리하며, 허리 사이즈를 반 사이즈까지 커버할 수 있습니다. 양쪽 사이드에는 포켓이 있어 실용성 또한 뛰어납니다. 상품명: 여성 썸머 패턴 반바지 3종 사이즈: 55, 66, 77, 88, 99, 100 구성: 여성용 팬츠 3종 컬러: 그린, 네이비, 크림 제조자 및 수입원: 주식회사 토마스힐 제조국: 미얀마 세탁방법: 기계세탁, 건조기 사용 불가 제조년월: 2024년 03월 품질보증기준: 관련 법 및 소비자 분쟁 해결 기준을 따릅니다. 고객센터: 070-4272-4816 지금 바로 여름에 어울리는 스타일리시한 팬츠로 당신의 패션을 완성해보세요!"
헬렌카렌초특가 Essential 23SS 시그니처 링클프리 텐션재킷,30117399_h.jpg,https://www.skstoa.com/display/goods/30117399,"봄과 여름의 생동감을 담은 특별한 아이템을 소개합니다. 평범한 일상 속에서 순간의 아름다움을 특별하게 기억할 수 있도록, 당신의 빛나는 순간을 위해 다양한 스타일링을 도와줄 룩들을 선보입니다. 2023년의 대표적인 룩인 카렌의 시그니처 링클프리 텐션 재킷이 출시되었습니다. 이 재킷은 구김이 없는 깔끔한 실루엣으로, 드라이한 터치감과 탄탄한 핏감을 제공합니다. 링클프리 소재로 제작되어 관리가 용이하며, 다양한 스타일과 쉽게 매치할 수 있는 아이템입니다. 헬렌카렌의 에센셜 시그니처 룩은 유행에 구애받지 않으며, 시즌마다 놓칠 수 없는 핵심 아이템입니다. 다양한 코디가 가능하여 활용도가 높고, 한정 수량으로 제공됩니다. 매일 입어도 편안한 이 재킷은 다양한 색상으로 만나볼 수 있습니다: 블루그레이와 카키베이지. 또한, 이 아이템은 고급스러운 소재로 제작되어 착용 시 멋스러운 핏을 연출합니다. 세련된 디자인과 함께 다양한 스타일링을 완성할 수 있는 기회를 제공합니다. 세탁 시에는 전문 세탁소에 의뢰하여 단독 손세탁을 권장하며, 기계 건조는 금지입니다. 이 제품을 통해 여러분의 스타일을 한층 더 업그레이드해보세요!"
레드캠프22FW 여성 볼케이노 히트 패딩재킷(센),35333060_h.jpg,https://www.skstoa.com/display/goods/35333060,"차별화된 자기만의 세계를 추구하고 두려워하지 않는 사람들을 위한 아웃도어 전문 브랜드입니다. 기능성과 패션성을 모두 충족하는 소재와 디자인으로, 합리적인 가격대의 아이템을 선보입니다. 2022 상품 코드: 101L64410 641 06006 컬러: 심플 블랙, 와인, 오프 화이트 여성용 심플 블랙, 와인, 오프화이트 색상의 자켓입니다. 볼케이노 히트 패딩으로, 눈과 비를 막아주는 외피와 극세사 패딩이 특징입니다. 부드러운 촉감과 따뜻함을 더하는 플리스 안감의 3중 구조로 제작되었습니다. - 콜드프루프 테크놀로지 적용 - 무봉제 접착 방식으로 세련된 외관과 패딩 충전재의 쓸림 방지 - 경량 점퍼로 활동성과 발수 방한 기능을 갖춘 만능 아이템입니다. 상품 정보: - 상품명: 레드캠프 22 볼케이노 히트 패딩 - 구성: 패딩 1종, 색상 선택 가능 - 컬러: 심플 블랙, 와인, 오프 화이트 - 사이즈: 90, 95, 100, 105, 110 - 혼용률: 겉감 및 안감 폴리에스터 100% - 판매자: 주식회사 레드캠프코리아 - 원산지: 중국 - 제조년월: 2022년 8월 - 세탁방법: 기계 세탁 가능, 단독 세탁 권장 이 패딩은 스타일과 기능성을 모두 갖춘 아이템으로, 특히 겨울철 야외 활동에 적합한 선택이 될 것입니다."
존스뉴욕23FW 테일러드 프린트 원피스,34581080_h.jpg,https://www.skstoa.com/display/goods/34581080,"여유있는 실루에, 은은한 플라워 패턴으로 완성된 존스뉴욕만의 뉴욕 클래식 스타일. 긴 기장의 셔츠형 원피스로 체형에 구애 받지 않는 아이템. 셔츠형 카라, 소매 스모킹 자수 디테일, 앞판 턱 디테일로 여성스러운 실루엣 완성. 간절기 시즌 최적의 소재, 크레이프 쉬폰 유연한 터치감과 가벼운 무게감으로 여성스러운 무드와 아름다운 움직임을 선사 합니다.  존스뉴욕 원피스"
이상봉에디션24SS 여성 썸머 쿨 니트 1종,38991898_h.jpg,https://www.skstoa.com/display/goods/38991898,"니트 5스타일 새롭지만 깊이 있고 오래도록 입을 수 있는 프리미엄 패션 브랜드의 니트입니다. 이 니트는 다양한 체형에 잘 어울리며, 편안한 착용감을 제공합니다. 고급스러운 디자인과 견고한 소재로 제작되어 오랜 시간 동안 사랑받을 수 있는 아이템입니다. 디자이너 이상봉은 여러 세대를 아우르는 경험을 통해 독특한 패션 세계를 창조했습니다. 1985년 남산에 첫 매장을 오픈한 이후, 컬렉션 의상으로 매장을 구성하여 많은 매니아층을 확보하였습니다. 그의 브랜드는 국제 패션위크와 여러 글로벌 행사에서 초청받아 패션쇼를 진행하며, 매 시즌마다 브랜드 인지도를 높이고 있습니다. 이상봉 브랜드는 전 세계 주요 도시에서 판매되고 있으며, 청담 플래그십 스토어와 국내 13개 백화점에서도 만나보실 수 있습니다. 뉴욕, 프랑스, 러시아, 아일랜드 등 다양한 나라에서도 그의 작품을 만나볼 수 있는 기회가 많습니다. 고급스럽고 편안한 착용감을 제공하는 이상봉의 니트는 모든 연령층이 즐겨 입을 수 있는 아이템입니다. 언제 어디서나 스타일리시하게 연출할 수 있어, 소중한 나만의 니트 컬렉션에 추가해보세요."
뱅뱅24SS 남성 썸머 라이크라 데님 3종,39163843_h.jpg,https://www.skstoa.com/display/goods/39163843,"1961년, 뱅뱅어패럴의 전신인 제일피복이 설립되었습니다. 1970년에는 뱅뱅이라는 브랜드명으로 상표등록을 하고 청바지 생산을 시작했습니다. 1983년에는 뱅뱅사거리 사옥을 건립하였고, 1985년에는 뱅뱅 법인을 설립하게 되었습니다. 2008년에는 볼륨 캐주얼 브랜드로 매출 1위를 유지하며 현재 170여 개의 매장을 운영하고 있습니다. 1970년, 국내 최초로 청바지를 만들기 시작한 뱅뱅은 1985년부터 1990년까지 공업진흥청 품질평가에서 높은 평가를 받으며 유수의 해외 브랜드를 제치고 품질을 인정받았습니다. 1982년 교복 자율화 이후, 뱅뱅은 16445 마켓의 최대 시장을 점유하게 되었고, '청바지는 해외 브랜드여야만 한다'는 공식을 불식시키며 소비자의 만족을 위해 끊임없이 노력하고 있습니다. 여름 뱅뱅 남성 스트레이트 데님 3종은 다양한 스타일링이 가능한 아이템으로, 오리지널 슬림 스트레이트핏 데님은 캐주얼룩부터 포멀룩까지 다양하게 활용할 수 있습니다. 이 데님은 엘라스틱 원단을 사용하여 착용감이 뛰어나며, 라이크라 섬유를 사용하여 데님 형태를 유지하는 데 도움을 줍니다. 또한, 색상별 앞뒤 포켓과 스티치 색상, 캔톤 리벳 등 세심하게 디자인된 차별성이 돋보입니다. 데님 세탁법에 대해서는 흰색이나 열에 의한 오염이 불가피할 수 있으므로, 가방, 소파, 자동차 시트와 같은 다른 섬유 제품과의 마찰에 주의하시기 바랍니다. 세탁 시에는 부드러운 세제를 사용하는 것이 좋습니다. 사이즈 측정 시 위치에 따라 약간의 오차가 발생할 수 있으니 참고하시기 바랍니다. 허리둘레, 엉덩이둘레, 허벅지둘레, 총장 등의 사이즈 정보를 확인하여 적절한 선택을 하시기 바랍니다."
존스뉴욕24SS 썸머 비스코스 카라니트 3종,38959606_h.jpg,https://www.skstoa.com/display/goods/38959606,"**존스뉴욕 클래식 니트 아이템** 존스뉴욕에서 처음 선보이는 테일러드 카라 니트는 미니멀한 디자인으로 고급스러움을 더합니다. 이 니트는 블랙, 라벤더, 베이지의 세 가지 컬러로 제공되며, 각각의 색상이 특별한 매력을 가지고 있습니다. **디자인 디테일** - 앞단작 부분은 플라켓 처리가 되어 있어 깔끔하고 세련된 느낌을 줍니다. - 니트 카라는 풀니들 기법으로 편직되어 안정적인 각도를 유지합니다. - 사시봉제로 연결된 몸판과 카라는 시접 없이 깔끔하게 마무리되어 더욱 고급스러운 착용감을 제공합니다. **소재** 비스코스 레이온 소재로 제작되어 부드러운 촉감과 자연스러운 드레이프성을 자랑합니다. 이 원단은 활동성이 뛰어나며, 착용 시 편안함을 느낄 수 있습니다. 비침 방지 처리로 더욱 안심하고 착용할 수 있는 제품입니다. **사이즈 정보** - 총 기장: 59.5cm, 60.5cm, 61.5cm, 62.5cm - 어깨 넓이: 73cm, 75cm, 77cm - 가슴 넓이: 63cm, 65cm, 67cm, 69cm - 밑단 넓이: 36.5cm, 38.5cm, 40.5cm, 42.5cm - 목 넓이: 18.5cm, 19cm, 19.5cm, 20cm - 목 깊이: 9cm, 9.5cm, 10cm, 10.5cm 존스뉴욕 카라 니트 풀오버는 데일리로 착용하기 좋은 아이템으로, 다양한 스타일과 잘 어울립니다. 이 니트를 활용해 클래식하면서도 세련된 룩을 완성해보세요. **세탁 정보** 방글라데시에서 제작된 이 제품은 석유계 드라이클리닝을 권장합니다. 지금 바로 스타일을 업그레이드할 기회를 놓치지 마세요!"
헬렌카렌초특가 시그니처 탄성 팬츠,33325421_h.jpg,https://www.skstoa.com/display/goods/33325421,"헬렌카렌 시그니처 탄성 팬츠는 팬츠 1등 브랜드인 헬렌카렌에서 자신 있게 선보이는 아이템입니다. 이번 시즌 처음으로 선보이는 '분또' 팬츠로, 완벽한 핏과 라인을 잡아주는 뛰어난 탄성으로 제작되었습니다. 이 팬츠는 체형 커버와 힙업 효과까지 완벽하게 구현하여, 모든 아우터와 함께 편안하고 완벽한 코디가 가능한 추천 아이템입니다. 색상은 블랙, 모카베이지, 차콜로 다양하게 준비되어 있으며, 소재는 레이온 37%, 폴리에스터 38%, 나일론 23%, 폴리우레탄 7%로 이루어져 있습니다. 사이즈는 55, 66, 77, 88까지 다양하게 제공됩니다. 허리, 엉덩이, 허벅지, 무릎, 부리, 하의장, 앞밑위, 뒷밑위 등 각 사이즈의 상세 치수는 정확하게 측정되어 고객님께서 가장 알맞은 사이즈를 선택할 수 있도록 돕습니다. 이 팬츠는 기계 세탁이 가능하나, 반드시 망에 넣어 단독 세탁하시고 기계 건조는 금지해 주세요. 제조국은 중국이며, 2023년 7월에 제조되었습니다. 헬렌카렌의 시그니처 탄성 팬츠는 스타일과 편안함을 동시에 갖춘 제품으로, 가을 시즌에 멋스러운 룩을 완성해 줄 것입니다. 다양한 스타일링이 가능한 이 팬츠로 나만의 매력을 발산해보세요!"
어썸핏여성 썸머 하프 팬츠 3종 PW5W,32889351_h.jpg,https://www.skstoa.com/display/goods/32889351,"**어썸핏 썸머 큐롯 쇼츠 팬츠 여성 3종** 여름 필수 아이템인 어썸핏 썸머 큐롯 쇼츠 팬츠를 소개합니다. 이 제품은 체형에 관계없이 여유 있는 핏과 허벅지를 덮는 적당한 5부 기장감으로, 활동은 물론 마음까지 부담 없이 착용할 수 있습니다. **구성 및 색상** - 팬츠 3종: 블랙, 브라운, 라이트 베이지 - 사이즈: 55, 66, 77, 88, 99 **소재 및 특성** - 폴리에스터 95%, 폴리우레탄 5%로 제작되어 내구성이 뛰어나고 구김이 잘 가지 않습니다. - 신축성과 복원력이 우수하여 자유로운 활동성을 제공합니다. - 링클프리 원단으로 기계 세탁이 가능하며, 세탁망을 사용하여 간편하게 관리할 수 있습니다. **디자인** - 약간의 히든 밴딩과 벨트 고리로 상의를 넣어 입어도 고급스러운 느낌을 제공합니다. - 사선 주머니로 두 손을 자유롭게 사용할 수 있어 실용적입니다. - 라인 패턴으로 밸런스 좋은 바디 균형 룩을 연출하며, 적당한 넓이로 생활에 편리한 디자인입니다. **사이즈 정보** - 허리: 66, 70, 74, 78, 82 - 엉덩이 아래: 96, 100, 104, 108, 112 - 총장: 50, 51, 52 *사이즈는 측정 기준에 따라 오차가 있을 수 있습니다.* **제조 및 품질 보증** - 제조원/수입원: 주플러스에프엔씨 - 제조연월: 2023년 06월 - 품질 보증 기준: 관련 법 및 소비자 분쟁 해결 기준에 따릅니다. 여름 내내 편안하고 스타일리시하게 입을 수 있는 어썸핏 썸머 큐롯 쇼츠 팬츠, 지금 바로 만나보세요!"
존스뉴욕24FW 새틴블라우스 3종,41425528_h.jpg,https://www.skstoa.com/display/goods/41425528,"뉴욕 클래식의 정석, 새틴 블라우스 이 제품은 뉴욕에서 제안하는 세련된 새틴 블라우스로, 가을 시즌에 완벽한 아이템입니다. 클래식한 스탠카라 디자인으로, 격식 있는 자리나 일상에서도 활용도가 높습니다. 편안한 착용감을 자랑하는 신축성 있는 폴리우레탄 혼합 소재로 제작되었습니다. 기계 세탁이 가능한 소재로 관리가 용이하며, 내구성이 우수하여 세탁 후에도 형태 변형이 적습니다. 컬러 옵션: 블랙, 레오파드, 네이비 사이즈: 55, 66, 77, 88 이 제품은 편안함과 스타일을 모두 갖춘 완벽한 선택입니다. 지금 바로 만나보세요! 제조국: 베트남 세탁: 기계 세탁 가능 이 블라우스를 통해 뉴욕의 클래식한 매력을 느껴보세요!"
헬렌카렌초특가 꾸뛰르 레이디 셋업(재킷+스커트),37386890_h.jpg,https://www.skstoa.com/display/goods/37386890,"헬렌카렌은 페미닌한 감성에 클래식한 멋을 더한 스타일링 아이템을 제안합니다. 이 아이템들은 편안함을 느끼게 해주며, 나만의 개성을 표현할 수 있도록 도와줍니다. 2024년 봄, 헬렌카렌 꾸뛰르 레이디 셋업 재킷과 스커트가 새롭게 출시됩니다. 이 수트 셋업은 몇 년 간의 데이터로 축적된 노하우가 담긴 패턴과 멋스러운 테일러링으로 맞춤 핏을 제공합니다. 스트레치 입체 트윌 원단으로 제작되어 고급스러운 외관과 함께 뛰어난 착용감을 자랑합니다. 또한, 활용도가 높은 셋업 구성으로 다양한 코디를 연출할 수 있는 매력이 있습니다. 블랙, 베이지, 그린 색상으로 제공되며, 각 색상마다 고유의 매력을 느낄 수 있습니다. 이 아이템은 클래식하면서도 세련된 디자인으로, 다양한 스타일에 쉽게 매치할 수 있습니다. 스트레치 입체 트윌 원단은 링클프리 기능을 갖추고 있어 관리가 용이합니다. 은은하게 사선으로 된 능직 울이 적용되어 텍스처에 입체감을 더하며, 단조롭지 않은 외관으로 고급스러움을 더합니다. 탄탄한 재질감과 적당한 중량감은 정적인 착용감을 제공하며, 착용 시 깔끔한 실루엣을 연출합니다. 재킷은 테일러드 싱글 디자인으로, 세련된 실루엣을 완성합니다. 살짝 덮는 기장감과 깔끔한 디자인이 고급스러운 무드를 자아내며, 포멀한 디자인의 조화로 우아하면서도 페미닌한 스타일링이 가능합니다. 카라 디자인은 실용성을 고려하여 기본에 충실하며, 견고한 스티치 마감 처리로 변형을 방지합니다. 스커트는 체형 커버가 가능한 클래식한 실루엣으로, 맥시한 기장감과 풍성한 훌라인이 매력적입니다. 허리 밴드가 내장되어 활동성이 뛰어나고 편안한 착용감을 제공합니다. 사이드 라인에는 실용적인 포켓이 추가되어 디자인의 완성도를 높였습니다. 이 셋업은 다양한 코디와 룩 연출을 가능하게 하여, 패셔너블한 일상 속에서 자신만의 스타일을 만들어갈 수 있도록 도와줍니다. 헬렌카렌의 세련된 아이템으로 올봄 스타일을 완성해보세요!"
헬렌카렌초특가 웨이브 퀼팅 하프 덕 다운,34894935_h.jpg,https://www.skstoa.com/display/goods/34894935,"헬렌카렌은 페미닌한 감성에 클래식한 멋을 더한 스타일링 아이템들을 제안합니다. 나만의 스타일을 찾고 싶다면, 헬렌카렌 웨이브킹 하프 덕다운 점퍼를 추천합니다. 이 점퍼는 여유 있는 실루엣과 엉덩이를 덮는 적당한 기장감으로 하의 코디 걱정 없이 자주 손이 갈 따뜻하고 멋스러운 아이템입니다. 605 덕다운 충전재가 사용되어 보온성은 물론, 다운백 처리된 칸다운 공정으로 제작되어 완성도 높은 겨울 아우터입니다. 인증받은 충전재인 125 덕다운을 사용하여, 제품에 사용되기까지 모든 유통 과정을 추적 관리합니다. 이는 거위나 오리의 사육과 도축 등 다운 생산 과정에서의 안정성 및 동물 학대 여부에 대한 인도적이고 윤리적인 정당성을 인증합니다. 이 점퍼는 따뜻한 보온성을 살리며, 당한 원단의 고시감을 한층 더 살려줍니다. 원단은 840 면으로, 다운이 새지 않도록 가공된 제품입니다. 뒷요크 절개를 통해 중심을 잡아주며, 뒷모습도 볼륨감을 더해줍니다. 또한, 스냄을 끝까지 채우면 하이넥으로 따뜻하게 착용할 수 있고, 풀었을 때는 세련된 카라 모양으로 변신합니다. 베이직한 스타일에 밑단에 스트링을 내장하여 여성스러움을 잃지 않았으며, 소매 커프스 형태로 디자인하여 착용 시 편안하게 보일 수 있도록 했습니다. 다운 프루프 가공된 다운 백 처리는 주입식 칸다운 공정으로 진행되어 구스가 옷 밖으로 쉽게 빠져나오지 않게 가공되었습니다. 봉제선 사이에 삐져나오는 다운이 거의 없어 깔끔한 착용감을 제공합니다. 사이즈, 제조원 및 제조국 정보는 다음과 같습니다: - 제조국: 베트남 - 세탁 방법: 반드시 석유계 드라이클리닝을 사용해야 하며, 기계 건조기 사용은 금지입니다. - 제조년월: 2023년 7월 헬렌카렌의 이 제품은 스타일과 편안함을 동시에 갖춘 완벽한 선택입니다. 겨울철 따뜻함과 멋을 모두 챙기고 싶다면, 이 점퍼를 강력히 추천드립니다!"
유로컬렉션역시즌특가 마카롱 휘메일 풀스킨 밍크 베스트,40213095_h.jpg,https://www.skstoa.com/display/goods/40213095,"와 마카롱 휘메일 풀스킨 밍크 베스트 이 제품은 오랜 노하우와 섬세한 디자인으로 어떠한 상황과 장소에서도 활용할 수 있는 아이템입니다. 고급스러움의 상징인 천연 밍크를 아낌없이 사용하여, 안쪽까지 세심하게 신경 쓴 제품입니다. 엄선된 컬러와 밀도를 고려하여 세심한 디테일까지 신경 쓴 렉셔리함이 공존하는 휘메일 풀스킨 밍크 베스트입니다. 원피스 자체의 키터를 유지하면서도, 높은 보온성과 부드러운 촉감을 자랑하는 아이템입니다. 상품명: 유로컬렉션 마카롱 휘메일 풀스킨 밍크 베스트 색상: 글로우 블랙, 파우더리 베이지, 코튼 크림, 모히토 그린, 허니 블루 사이즈: 8, 44, 55, 66, 77 제조사: 유로모피061 제조국: 중국 제조년월: 2024년 05월 세탁법: 모피 전문점에 의뢰 어깨 길이: 39cm, 40cm, 41cm 슴둘레: 92cm, 97cm, 100cm, 105cm, 108cm 이 제품은 캐주얼하면서도 세련된 느낌을 주는 스타일로, 밑단의 밴드 끈을 넣어 만들어진 자연스러운 셔링 디테일이 매력적입니다. 다양한 색상으로 구성되어 있어 선택의 폭이 넓어, 모든 스타일에 잘 어울립니다."
존스뉴욕24SS 새틴 스커트,37983332_h.jpg,https://www.skstoa.com/display/goods/37983332,"뉴욕 클래식의 정석 상품 코드: 0045 제트: 706 가격: 10,465원 여름 아이템과 다양하게 코디할 수 있는 존스뉴욕의 세련된 스타일입니다. 긴 기장감으로 과하지 않은 라인 실루엣이 체형 커버까지 가능하게 해줍니다. 걸을 때마다 살랑거리는 핏이 매력적입니다. 사선 절개로 우아한 핏을 완성하였으며, 앞 슬릿과 밑단 트임으로 활동성이 뛰어난 디자인입니다. 새틴 소재를 사용하여 광택감이 돋보이며, 고급스러운 느낌을 더해줍니다. 상품명: 존스뉴욕 새틴 스커트 컬러: 네이비, 레오파드 소재: 폴리에스터 100% 사이즈: 55, 66, 77, 88 제조일: 2024년 2월 원산지: 베트남 세탁방법: 단독 손세탁 편안하면서도 스타일리시한 이 스커트는 여름철 다양한 스타일에 잘 어울리며, 특히 캐주얼한 데일리 룩부터 특별한 날의 드레스업에도 적합합니다."
헬렌카렌24SS 여름 인견 니트 가디건 2종 세트,37495135_h.jpg,https://www.skstoa.com/display/goods/37495135,"헬렌카렌 여름 니트 볼레로 가디건 2종을 소개합니다. 이 제품은 여름 시즌에 적합한 데일리 아이템으로, 레이온 원사를 사용하여 시원하고 편안하게 착용할 수 있습니다. 성글게 짜여진 조직감과 입체 패턴으로 제작되어 체형에 구애받지 않으며, 야외 활동 시 한여름의 뜨거운 자외선과 실내의 차가운 에어컨 바람에서도 활용도가 높습니다. 이 가디건은 너무 타이트하거나 루즈하지 않은 스탠다드 핏으로, 다양한 이너 제품과 레이어드하여 스타일링하기에 용이합니다. 암홀 라인은 패턴이 있어 모두 가변적으로 착용이 가능하며, 편안하면서도 트렌디한 스타일을 제공합니다. 미니멀한 실루엣과 절제된 디자인으로 성긴 조직감이 포인트가 되어, 여름 데일리 아이템으로 추천드립니다. 헬렌카렌의 니트 볼레로 가디건은 비치는 시스루 디자인으로 과하지 않게 비춰져 부담 없이 착용할 수 있습니다. 적당한 세미 크롭 기장감과 세로 선의 디자인으로 시각적으로 날씬해 보이는 효과를 줍니다. 또한, 긴팔 소매 디자인이 팔뚝살을 자연스럽게 커버해주어 상체를 여리여리하게 연출할 수 있습니다. 다양한 룩에 잘 어우러지며, 슬랙스나 데님 스커트와 매치해도 감각적인 스타일을 연출할 수 있습니다. 이 여름, 헬렌카렌의 니트 볼레로 가디건으로 편안하고 세련된 스타일을 완성해보세요! 제품 정보: - 색상: 블랙, 아이보리 - 소재: 레이온 88%, 나일론 12% - 사이즈: 55, 66, 77, 88 - 제조사: 헬렌카렌 - 제조년월: 2024년 3월 여름철 필수 아이템으로 추천드립니다!"
존스뉴욕23FW 맥트렌치코트,34796031_h.jpg,https://www.skstoa.com/display/goods/34796031,"존스뉴욕 타임리스 트렌치코트 이 제품은 정통 트렌치코트의 기본적인 디자인에 맥코트의 실용적인 디테일을 더해 재해석한 아이템입니다. **색상:** - 네이비 - 애쉬 그린 - 베이지 **소재:** - 겉감: 폴리에스터 100% - 안감: 폴리에스터 100% **기능성:** 이 제품은 가을의 변덕스러운 날씨에 적합한 기능성 원단을 사용하여 편안함과 스타일을 동시에 제공합니다. 링클프리 기능으로 항상 깔끔한 외관을 유지할 수 있습니다. **사이즈 안내:** - 가슴 둘레: 101~121cm - 밑단 둘레: 138~158cm - 어깨 너비: 39.5~43.5cm - 소매 길이: 59~61.4cm - 총장: 102~104.4cm 드라이클리닝을 권장하며, 다양한 스타일과 함께 매치하여 멋진 가을 패션을 완성해보세요. 이 트렌치코트는 세련된 외관과 뛰어난 실용성을 겸비하여, 어떤 자리에서도 자신감을 더해 줄 것입니다."
존스뉴욕23FW 써모어 퀼팅 재킷,35773027_h.jpg,https://www.skstoa.com/display/goods/35773027,"존스뉴욕 로고 각인 스냄을 사용 카라와 여맘부 밑단까지 제원단 파이핑 디테일로 마무리 뒤 허리 절개선에 과하지 않은 셔링 디테일로 우아한 실루엣을 완성합니다. 55사이즈 기준 총장 65cm로 중힙까지 가려주는 기장감이 특징입니다. 다이아 킹으로 고급스러움과 클래식함을 더했습니다. --- 충전재는 폴리에스터 100%로 구성되어 있습니다. 충전재 전문 기업으로 이탈리아 밀라노에서 1972년 시작한 써모어의 대표 충전재입니다. 1980년대부터 개발하여 꾸준히 사랑받는 아이템으로, 세탁이 용이하여 실용성을 겸비한 소재입니다. 보온성과 부피감이 장점인 이 제품은 겨울철 필수 아이템으로 추천드립니다. --- 존스뉴욕 써모어 킹 재킷 블랙, 베이지, 레드 색상으로 제공됩니다. 겉감과 안감은 모두 폴리에스터 100%이며, 충전재 또한 폴리에스터 100%입니다. 사이즈는 55, 66, 77, 88, 99로 다양하게 준비되어 있으며, 2023년 08월에 베트남에서 제조되었습니다. 기계세탁이 가능하여 관리가 용이합니다."
존스뉴욕24SS 윈드재킷,37606294_h.jpg,https://www.skstoa.com/display/goods/37606294,"뉴욕 클래식의 정석, 제트 706입니다. 다양한 스타일 연출이 가능한 스마트한 아우터로, 포멀하거나 캐주얼한 룩을 완성할 수 있습니다. 유행을 타지 않으면서도 여성스러운 핏과 디테일로 고급스러운 연출이 가능합니다. 블랙, 올리브 그린, 코랄 핑크 총 세 가지 컬러로 제공되며, 폴리에스터 100% 소재로 제작되어 부드러운 착용감을 자랑합니다. 특히 후드에는 스트링과 스토퍼가 있어 사이즈 조절이 가능하고, 다양한 스타일로 연출할 수 있습니다. 지퍼 플라켓의 이중 여밈으로 깔끔하고 고급스러운 디자인을 완성했습니다. 소매에는 특별한 디테일이 추가되어 바람은 막아주고 볼륨감은 살려줍니다. 이 재킷은 구김이 가지 않는 프리 기능과 발수 기능이 있어 간절기에 최적의 아이템입니다. 자외선 차단 기능으로 피부를 보호하고, 옷의 손상과 변색을 막아줍니다. 손세탁이 가능하여 관리가 용이합니다. 사이즈는 55, 66, 77, 88, 99까지 준비되어 있으며, 제조일은 2024년 2월입니다. 존스뉴욕 윈드 재킷으로 스타일리시하면서도 실용적인 겨울철 아우터를 만나보세요!"
존스뉴욕23FW 써모어 퀼팅 베스트,35648197_h.jpg,https://www.skstoa.com/display/goods/35648197,"변덕스러운 가을과 겨울 날씨에 꼭 필요한 스마트한 아우터입니다. 클래식한 킹 베스트에 기능성을 더하여 스타일과 실용성을 동시에 갖췄습니다. 이태리 1160701의 충전재를 사용하여 더욱 따뜻하고 편안합니다. 블랙과 베이지 두 가지 컬러로 제공됩니다. 카라와 여밈부터 밑단까지 제원단 파이핑 디테일로 마무리하여 세련된 느낌을 줍니다. 뒤 허리 절개선에 과하지 않은 셔링 디테일로 우아한 실루엣을 완성하였습니다. 55사이즈 기준 총장 65.014cm로 중힙까지 가려주는 기장감이 특징입니다. 다이아 킹으로 고급스러움과 클래식함을 더했습니다. 상품명: 존스뉴욕 써모어 킹 베스트 컬러: 블랙, 베이지 소재: 겉감 - 폴리에스터 100%, 안감 - 폴리에스터 100%, 충전재 - 폴리에스터 100% 사이즈: 55, 66, 72, 88, 99 제조일: 2023년 08월 원산지: 베트남 세탁방법: 기계세탁 이 아이템은 1972년 이탈리아 밀라노에서 시작된 충전재 전문 기업 써모어의 대표 충전재로, 1980년대부터 개발되어 꾸준히 사랑받고 있는 아이템입니다. 보온성과 부피감이 뛰어난 소재로 세탁이 용이하여 실용성을 겸비하고 있습니다. 이 제품은 여러분의 가을겨울 스타일을 한층 업그레이드 시켜줄 필수 아이템입니다!"
존스뉴욕23FW 캐시미어 니트 카라 롱구스다운,35648072_h.jpg,https://www.skstoa.com/display/goods/35648072,"입체 패턴 테일러링으로 우아한 롱다운코트를 완성하다. 61260 워429누 블랙, 네이비 아18604 아제, 아캐44 1407 차콜 그레이, 크림 아이보리 원단을 배색하여 더욱 고급스럽고 따뜻하게 제작되었습니다. 스냄버튼으로 여미어 보다 여성스러운 아우터로 완성하였습니다. 허리 벨트로 다양한 실루엣 연출이 가능합니다. 소매 부리 안쪽으로 니트 시보리를 덧대어 보다 따뜻하게 착용할 수 있습니다. 주입식 칸다운 공정으로 안정성을 높였습니다. 605 인증 다운 충전재 사용, 거위 솜털 80%와 깃털 20%로 보온성이 뛰어납니다. 제품의 모든 유통 과정이 추적 가능하며, 다운 생산 과정에서 안정성과 인도적인 정당성을 인증합니다. 사이즈 정보: 어깨: 39~43cm 총장: 104~105cm 상동: 100~120cm 하동: 97~117cm 밑단: 124~144cm 소매기장: 60~63cm 소매통: 40~46cm 소매부리: 35~39cm 존스뉴욕 하이넥 벨티드 롱구스 다운코트 색상: 블랙, 네이비, 차콜 그레이, 크림 아이보리 소재: 폴리에스터 100% 안감: 폴리에스터 100% 양모 62%, 나일론 26%, 캐시미어 12% 충전재: 우모 거위 솜털 80%, 깃털 20% (상표, 밴드, 벨트, 심지 제외) 이 제품은 베트남에서 제조되었으며, 석유계 드라이클리닝이 가능합니다. 올겨울, 따뜻하고 스타일리시한 룩을 원하신다면 이 롱다운코트를 추천드립니다!"
존스뉴욕23FW 후드 숏다운코트,35647742_h.jpg,https://www.skstoa.com/display/goods/35647742,"존스뉴욕 덕다운 벨티드 하프 코트 블랙, 카키, 레오파드 색상으로 제공되는 이 겨울 아우터는 클래식하면서도 우아한 디자인을 자랑합니다. 허리 벨트가 있어 다양한 실루엣으로 연출할 수 있어 스타일링의 폭이 넓습니다. 겉감은 폴리에스터 100%로 내구성이 뛰어나며, 안감 또한 폴리에스터 100%로 부드러운 착용감을 제공합니다. 충전재는 오리 솜털 80%, 깃털 20%로 구성되어 있어 뛰어난 보온성을 자랑합니다. 이 제품은 2023년 7월 베트남에서 생산되었으며, 석유계 드라이클리닝을 권장합니다. 디자인의 세부사항으로는 왼쪽 팔에 '존스뉴욕 오리지널' 로고가 있으며, 후드는 스트링으로 조절 가능하여 실용성을 더했습니다. 소매는 니트 시보리 디테일로 마감되어 더욱 완성도 높은 마무리를 자랑합니다. 블랙, 카키, 골드톤, 레오파드 등 컬러별로 금속 부자재의 색상도 다르게 매치하여, 세련된 느낌을 더욱 강조합니다. 겨울철, 스타일과 기능성을 모두 갖춘 이 코트로 따뜻하고 멋진 겨울을 만끽해보세요!"
헬렌카렌최종가 THE PREMIUM 23 WINTER 폭스퍼 헝가리구스 롱 벨티드 다운,34895011_h.jpg,https://www.skstoa.com/display/goods/34895011,"헬렌카렌의 프리미엄 룩은 여러분의 가치를 더욱 높여줍니다. 고급 사양 소재로 제작된 헬렌카렌 더 프리미엄은 뛰어난 품질을 기반으로 만들어졌습니다. 우리는 고객님들께 더 좋은 상품을 가장 합리적인 가격으로 제안합니다. 2023년 헬렌카렌의 신제품, 폭스퍼 헝가리구스 롱 벨티드 다운은 프리미엄의 품격을 자랑합니다. 헝가리구스 전문 기업이 제작한 이 제품은 700 이상의 필파워를 자랑하며, 고급 헝가리산 거위털이 사용되었습니다. 역사상 최대 사양으로 만든 이 야심작은 리드미컬한 퀄리티와 입체 패턴으로 우아한 실루엣을 제공합니다. 타임리스한 소장 가치가 높은 아이템으로, 겨울 내내 따뜻하고 편안한 착용감을 느낄 수 있습니다. 원단은 840 면으로 처리되어 털빠짐을 방지하고, 다운백으로 추가 작업하여 더욱 정성을 기울인 제품입니다. 루폭스는 다른 폭스보다 털이 짧고 밀도가 높아 포근한 느낌을 제공합니다. 각 몸판 원단에 맞는 고급스러운 톤온톤 컬러로 매치하여 우아함을 강조했습니다. 특별히 디자인된 패턴은 체형을 가려주며, 스타일링에 제약이 없어 오랫동안 착용할 수 있습니다. 허리부터 밑단까지의 기장감이 충분하여 보온성과 고급스러움을 동시에 높였습니다. 또한, 탈부착이 가능한 자석 여밈 디테일로 활용성을 극대화했습니다. 이 제품은 블랙, 세이지 그린, 아이보리 색상으로 제공되며, 충전재는 솜털 80%와 깃털 20%로 구성되어 있습니다. 세탁은 드라이클리닝을 권장하며, 제조국은 베트남입니다. 헬렌카렌의 프리미엄 제품을 통해 겨울철 따뜻하고 세련된 스타일을 완성해보세요."
헬렌카렌초특가 더블스티치 퀼팅 벨티드 패딩,34894708_h.jpg,https://www.skstoa.com/display/goods/34894708,"헬렌카렌은 페미닌한 감성에 클래식한 멋을 더한 브랜드입니다. 스타일링이 편안한 아이템들을 제안하여, 나 자신만의 스타일을 더욱 특별하게 만들어줄 제품을 제공합니다. 이번 시즌 가장 활용도가 높고 편안하게 착용할 수 있는 경량 패딩 아이템인 헬렌카렌 더블 스티치 킬팅 벨티드 패딩은 섬세한 디테일과 실루엣으로 제안됩니다. 변칙적인 더블 스티치 디테일과 스트링을 이용한 볼륨감, 허리 벨트까지 더해져, 실루엣 연출에 따라 하의를 가리지 않는 코디 아이템으로 일상, 출근, 레저, 포멀룩까지 다양하게 활용 가능합니다. 색상은 블랙과 카멜베이지로 제공되며, 세계적인 독일 브랜드에서 사용되는 충전재를 사용하여 보온성을 높였습니다. 패딩과 다운의 장점을 접목한 충전재는 섬유 안정성 인증을 받았으며, 쉬운 관리와 내구성을 갖추고 있어 편안함과 보온성 모두를 충족시킵니다. 사이즈는 55, 66, 77, 88로 다양하게 준비되어 있으며, 겉감, 안감, 중전재 모두 폴리에스터 100%로 제작되어 내구성이 뛰어납니다. 세탁 방법은 드라이클리닝을 권장하며, 제조국은 베트남입니다. 2023년 7월에 제조된 헬렌카렌의 더블 스티치 킹 벨티드 패딩으로 특별한 스타일을 완성해보세요!"
헬렌카렌최저가찬스 THE PREMIUM 영국 MOON 울100 하프코트,34894611_h.jpg,https://www.skstoa.com/display/goods/34894611,"헬렌카렌은 페미닌한 감성에 클래식한 멋을 더한 스타일링을 제공하는 브랜드입니다. 편안한 아이템들을 제안하여, 나만의 스타일을 찾아 일상을 더욱 특별하게 만들어줄 것입니다. 헬렌카렌의 프리미엄 룩은 고급 소재를 기반으로 하여, 고객님들께 더 좋은 상품을 가장 합리적인 가격으로 제공합니다. 영국의 프리미엄 원단 회사와의 콜라보레이션을 통해 특별히 제작된 제품들은 오랜 시간 동안 사랑받아온 클래식한 실루엣을 자랑합니다. 이번 콜라보 제품은 영국의 명품 원단을 사용하여, 고급스러우면서도 독보적인 컬러감을 표현합니다. 장인정신과 축적된 노하우로 직조된 이 원단은 불순물을 섞지 않은 100% 퓨어 울로, 따뜻하고 포근한 착용감을 제공합니다. 헬렌카렌의 하프코트는 브라운, 카키, 네이비 색상으로 제공되며, 겉감은 100% 울, 안감은 100% 폴리에스터로 제작되어 편안한 착용감을 자랑합니다. 드라이클리닝이 가능하여 관리도 용이합니다. 이번 시즌 헬렌카렌의 아이템으로 스타일을 완성해 보세요. 유니크한 디자인과 품질로 여러분의 패션에 특별함을 더할 것입니다."
헬렌카렌초특가 울 더블 버튼 하프 코트,34894205_h.jpg,https://www.skstoa.com/display/goods/34894205,"헬렌카렌 울 더블 버튼 하프 코트는 높은 퀄리티의 소재로 편안하게 착용할 수 있는 제품입니다. 울과 캐시미어가 50% 혼합되어 있어 따뜻하면서도 윤기 있는 소재감을 자랑합니다. 이 코트는 연령에 구애받지 않는 클래식한 피코트 스타일로, 여유 있는 실루엣으로 체형을 완벽하게 커버해줍니다. 스타일링을 가리지 않는 기장과 패턴 덕분에 다양한 코디가 가능합니다. 한정 수량으로 선보이는 리미티드 아이템으로, 다크네이비, 카키브라운, 브릭 컬러로 제공되어 멜란지 컬러의 조화로운 느낌을 선사합니다. 고급스러운 소재 본연의 느낌을 살려 부드럽고 따뜻하게 착용할 수 있는 울 코트입니다. 이 코트는 적당한 하프코트 기장감으로 데일리 아이템으로 손이 자주 갈 것입니다. 군더더기 없는 기본에 충실한 클래식한 디자인으로, 전체적으로 여유 있는 실루엣이 체형을 커버하고 입체 패턴을 적용하여 전체적인 바디 라인감을 강조합니다. 더블 브레스티드 스타일로, 피크드 라펠이 세련된 느낌을 주며, 착용 시 코트의 견고함을 최대한 유지해줍니다. 이 코트는 당신의 스타일에 멋을 더해 줄 아이템입니다. 제조사: 헬렌카렌 소재: 다크네이비, 카키브라운, 브릭 겉감: 폴리에스터 45%, 양모 45%, 캐시미어 5%, 기타 5% 안감: 폴리에스터 100% 사이즈: 55, 66, 77, 88 편안하면서도 세련된 느낌을 원하신다면 이 하프 코트를 추천드립니다!"
헬렌카렌초특가 뉴 윈터 팬츠,34894109_h.jpg,https://www.skstoa.com/display/goods/34894109,"폴리에스터와 레이온, 폴리우레탄을 최적의 비율로 혼합하여 제작하였습니다. 두꺼운 겨울 원단으로 따뜻하면서도 부드러운 감촉을 자랑합니다. 스판성이 있어 착용 시 편안한 느낌을 주며, 전체적인 핏이 잘 유지되어 흐트러짐 없이 멋스럽게 연출됩니다. 특히, 원단의 겉면은 기모감이 있어 부드럽고 따뜻한 느낌을 선사합니다. 트윌 2자로 디자인된 이 제품은 멜란지 컬러가 믹스되어 시각적인 보온성을 높였습니다. 허리 부분은 생략되어 플랫하고 색다른 느낌을 주며, 섬세한 다트 디테일로 입체적이고 세련된 실루엣을 연출합니다. 앞 몸판에는 턱 디테일이 있어 착용 시 여유롭고 편안하게 핏됩니다. 팬츠의 앞면에는 사선 포켓이 있어 실용성을 더하며, 뒷면에는 페이크 포켓이 디자인되어 시각적인 힙업 효과를 줍니다. 다트 선을 추가하여 힙라인의 곡선을 자연스럽게 강조했습니다. 이 제품은 다양한 컬러로 제공되어 각각의 스타일에 어울리는 금속 장식을 선택하여 고급스러운 느낌을 더했습니다. 편안하면서도 세련된 스타일을 원하는 분들께 적극 추천드립니다. 겨울철 필수 아이템으로, 따뜻함과 스타일을 동시에 챙길 수 있는 멋진 선택이 될 것입니다."
헬렌카렌초특가 울 캐시 핸드메이드 등판 구스 코트,34892856_h.jpg,https://www.skstoa.com/display/goods/34892856,"헬렌카렌 울 캐시 핸드메이드 구스 코트 가벼운 핸드메이드에 캐시미어의 부드러움과 구스다운의 따뜻함이 더해진 겨울 아우터입니다. 정성스럽게 만들어진 이 하프 코트는 2023년 신상으로, 등산에도 적합하며 시즌을 더욱 길게 활용할 수 있는 실용적인 아이템입니다. 완성도 높은 입체 패턴과 여유 있는 실루엣으로 체형을 커버하며 따뜻함을 제공합니다. 싸디 울 캐시 이중지 핸드메이드 구스 패디드는 캐시미어가 함유된 울 소재로 뛰어난 보온성을 자랑합니다. 풍성한 모의 질감을 살려준 헤어리한 소재로 따뜻한 외관을 선사하며, 멜란지 배색으로 고급스러운 컬러감을 제공합니다. 이중지 우터의 부드럽고 따뜻한 느낌을 살려주며, 핸드메이드 원단으로 보온력을 높이면서도 깔끔한 핏감을 유지합니다. 안감 등판에는 구스 다운을 내피로 사용하여 겨울 내내 따뜻하게 착용할 수 있습니다. 사이즈는 55, 66, 77, 88로 다양하게 준비되어 있으며, 제조원은 주 동잠으로, 제조국은 중국입니다. 세탁 방법은 드라이클리닝을 권장하며, 최신 제조년월은 2023년 9월입니다. 헬렌카렌의 코트는 차콜 블랙, 오트밀 베이지, 틸 그린, 핑크 등 다양한 색상으로 제공됩니다. 이 코트는 겨울철 필수 아이템으로, 스타일과 따뜻함을 모두 갖춘 완벽한 선택이 될 것입니다."
Wolsey23FW 여성 헤리티지 써모라이트 기모티셔츠 3종,33913213_h.jpg,https://www.skstoa.com/display/goods/33913213,"영국의 전통 클래식 골프웨어 브랜드 울시는 260여 년의 역사와 기술력을 바탕으로 탄생했습니다. 1935년에는 우수한 품질을 인정받아 영국 왕실로부터 두 번에 걸쳐 인증을 수여받아 그 가치를 더욱 빛나게 하고 있습니다. 이번 시즌 울시의 긴팔 기모 카라티 3종은 패션과 라이프스타일의 변화를 반영하여 지속적인 연결을 강조한 품질과 가치를 제공합니다. 카라티의 구성은 사이즈 90, 95, 100, 105로 다양하며, 소재는 폴리에스터 96%와 폴리우레탄 4%로 제작되었습니다. 색상은 네이비와 멜란지 그레이가 포함되어 있습니다. 탄성 폴리에스터 원사와 크레오라 원사가 함유되어 있어 신축성이 탁월하며, 드폰사의 써모라이트 원사를 사용하여 부피나 무게를 더하지 않고도 섬유에 공기를 가둬 열 손실을 줄여 보온성이 뛰어난 제품입니다. 뛰어난 스트레치 소재로 평상복 및 야외 활동복으로 활용하기에 적합합니다. 이 카라티는 에리 안쪽에 울시 로고 헤리테이프를 사용해 깔끔하고 세련된 느낌을 주며, 빗살무늬 헤어라인 전사를 통해 스포티하면서도 고급스러운 디자인을 완성했습니다. 또한, 카라 뒷쪽에는 여우 라벨과 왼쪽 하단에 끼워 라벨을 사용하여 브랜드 아이덴티티를 잘 드러내고 있습니다. 상품명: 울시 긴팔 기모 카라티 3종 구성: 카라티 3종 색상: 네이비, 멜란지 그레이, 와인 사이즈: 90, 95, 100, 105 제조년월: 2023년 8월 세탁 및 보관 방법: 기계 세탁 가능 고객 상담실: 070-4271-7083 이 제품은 우수한 품질과 함께 세련된 디자인을 겸비하여, 남녀노소 누구나 즐길 수 있는 아이템입니다. 올 가을, 울시의 카라티와 함께 스타일리시한 라운딩을 즐겨보세요! ```"
헬렌카렌윈터 밴딩 훌 스커트,33325932_h.jpg,https://www.skstoa.com/display/goods/33325932,"트렌디한 헬렌카렌 윈터 밴딩 플레어 스커트를 소개합니다. 이 스커트는 겨울 아우터와 완벽하게 스타일링할 수 있는 제품으로, 모든 겨울 룩에 잘 어울립니다. 고급스러운 겉기모 멜란지 소재로 제작되어 따뜻하면서도 탄탄한 중량감을 자랑하며, 플레어 핏으로 체형에 구애받지 않게 디자인되었습니다. 특히, 디테일이 뛰어나고 편안한 360도 밴딩으로 우수한 착용감을 제공합니다. 슬릿 디자인이 과하지 않으면서도 여성스러운 실루엣을 연출해줍니다. 멜란지 원단을 사용하여 심심하지 않게 완성되었으며, 다양한 톤온톤 컬러 조합으로 고급스러움을 강조합니다. 차콜블랙에는 라이트 그레이를, 카멜베이지에는 라이트 베이지를 매칭하여 세련된 느낌을 더했습니다. 착용 시 차분하고 안정감 있는 핏감을 느낄 수 있습니다. 헬렌카렌의 이번 시즌 단 하나의 스커트로, 원단부터 패턴까지 심혈을 기울여 기획하였습니다. 기본적인 디자인으로 다양한 겨울 아이템과 매치하기 좋으며, 유행을 타지 않는 클래식한 스타일로 오랫동안 사랑받을 것입니다. 이 스커트는 레이온 62%, 나일론 30%, 폴리에스터 4%, 폴리우레탄 4%의 혼합 소재로 제작되어 부드러운 터치감을 자랑합니다. 세탁 시에는 반드시 단독으로 석유계 드라이 크리닝을 권장하며, 기계 건조기 사용은 금지됩니다. 헬렌카렌 윈터 밴딩 플레어 스커트로 올 겨울을 더욱 스타일리시하게 보내세요!"
선진모피기획특가! 사가폭스 래빗 덕다운코트,35333135_h.jpg,https://www.skstoa.com/display/goods/35333135,"덕다운 코트는 장모와 단모의 털 길이가 다르며, 장모는 윤기가 나고 단모는 공기를 머금고 있어 보온성을 유지합니다. 믹스매칭 코디가 가능하여 실용성과 활용도가 뛰어나며, 밀도가 높아 보온력이 우수합니다. 디자인은 고급스럽고 품위 있는 느낌을 주며, 오리털을 사용하여 가벼우면서도 뛰어난 보온성을 제공합니다. 핏은 허벅지까지 충분히 가려주는 56171 106 디자인으로, 몸판 안쪽은 스페인산 토끼 풀스킨으로 제작되어 보온성이 느껴집니다. 털 빠짐은 최소화되었으며, 시보리 원단의 이중 소매로 추가적인 보온성을 제공합니다. 모델명: 폭스콤비 덕다운 코트 구성: 폭스콤비 덕다운 코트 1종 색상: 블랙, 네이비, 그레이, 베이지 혼용율: 겉감 폴리에스터 100%, 안감1(몸판) 천연모피(토끼), 안감2(팔) 폴리에스터 100% 배색1: 후드챙 천연모피(여우) 배색2: 카라 천연모피(토끼) 충전재(팔): 오리 솜털 80%, 오리 깃털 20% 사이즈: 55, 66, 77, 88 (여성용) 세탁 보관 방법: 밍크 전문 세탁소 제조년월: 2023년 7월 제조국/제조원: 중국, 선진모피 책임자: 선진모피 주식회사, 031-426-3521 사이즈 정보: - 총장: 93.22 / 94.5 / 95.78 / 97.06 - 어깨: 39.22 / 41 / 41.78 / 43.06 - 가슴: 101.88 / 107 / 112.12 / 117.24 - 밑단: 126.88 / 132 / 137.12 / 142.24 - 소매 기장: 59.4 / 60 / 60.6 / 61.20 - 소매 통: 40.4 / 42.0 / 43.6 / 45.20 - 소매 부리: 32.36 / 33 / 33.64 / 34.28 폭스콤비 덕다운 코트로 이번 겨울, 따뜻하고 스타일리시한 모습을 완성해보세요!"
오아로24FW 아트웍 티블라우스 4종,41363278_h.jpg,https://www.skstoa.com/display/goods/41363278,"자수 이트원 티블라우스 4종 부드럽고 쿠션감 있는 소재와 분또 소재를 사용하여 매끄럽고 폭신한 착용감을 선사합니다. 마라톤사 자수실은 은은한 광택으로 튼튼하며 잘 끊어지지 않아서 '마라톤'이라는 이름이 붙여진 자수실입니다. 유사한 디자인의 4종 구성과는 달리, 각각 다른 디테일로 각 컬러에 어우러지는 아트로 스타일리시한 연출이 가능합니다. 네이비 컬러는 원 안에 스트라이프가 은은하게 들어가 있으며, 그 위에 레터링을 추가하여 고급스러움을 더했습니다. 팁 그린은 프린트와 자수를 결합하고 핫픽스로 장식해 세련된 디자인을 완성했습니다. 버건디 스트라이프는 레터링 원단을 레이저 커팅하여 자수로 덧대어 고급스러운 퀄리티를 자랑합니다. 몸에 들러붙지 않는 여유로운 실루엣과 기장감으로 자연스러운 체형 커버가 가능합니다. 네이비는 차분한 컬러로, 베이직하면서도 선명한 느낌을 줍니다. 블랙은 시크한 컬러에 골드 자수를 사용하여 화려하게 연출할 수 있습니다. 톤업된 올리브가 한 방울 섞인 카키 컬러는 산뜻하면서도 과하지 않은 느낌을 줍니다. 버건디 스트라이프는 화이트 스트라이프와 조화롭게 어우러져 단조롭지 않은 데일리 컬러를 제공합니다. 타 가공 처리로 마라톤사의 고급 자수실을 사용하여 쿠션감이 뛰어나며 착용감이 좋습니다. 레이온 블렌딩으로 부드럽고 은은한 광택감을 가지고 있어 고급스러운 느낌을 주는 소재입니다. 정전기 방지 기능과 자외선 차단 효과가 있으며, 기계 세탁이 가능합니다. 제품 가격: 94,000원 컬러 옵션은 네이비, 블랙, 팁 그린, 버건디 스트라이프입니다."
모라도24 썸머 원피스 2종,38673577_h.jpg,https://www.skstoa.com/display/goods/38673577,"여름에 어울리는 썸머 원피스 2종을 소개합니다. 심플한 플랫 카라 디자인과 하이 웨이스트 스타일로, 더욱 날씬해 보이는 효과를 줍니다. 무릎을 덮는 롱 기장감의 실루엣으로, 캐주얼하면서도 페미닌한 무드를 느낄 수 있습니다. 소재는 내구성이 뛰어나고 관리가 용이하여 실용적입니다. 여름철 데일리룩으로 손색이 없는 아이템입니다. 색상은 머스타드로, 다양한 사이즈(55, 66, 77, 88)를 준비했습니다. 편안하게 착용하면서도 스타일을 잃지 않는 썸머 원피스를 만나보세요!"
유로컬렉션역시즌특가 비비 휘메일 풀스킨 밍크 자켓,40085708_h.jpg,https://www.skstoa.com/display/goods/40085708,"비비 휘메일 풀스킨 밍크 자켓은 세련된 디자인과 뛰어난 품질이 돋보이는 아이템입니다. 고밀도의 휘메일 풀스킨으로 제작되어, 럭셔리한 느낌을 자아냅니다. 엄선된 원단으로 컬러와 밀도까지 세심하게 고려하여, 우아함과 고급스러움이 동시에 느껴집니다. 이 자켓은 다양한 색상으로 제공되며, 글로우 블랙, 실버 블루, 파스텔 베이지, 피스타치오와 같은 매력적인 색상 선택이 가능합니다. 사이즈는 8, 6, 그리고 L로 준비되어 있어, 다양한 체형에 맞춰 착용할 수 있습니다. 네크라인은 브이넥 디자인으로, 얼굴을 부각시키는 효과가 있어 더욱 세련된 이미지를 연출합니다. 총 기장은 허리까지 내려오는 여유 있는 길이로, 캐주얼하면서도 세련된 실루엣을 제공합니다. 소매에는 고급스러운 디테일이 더해져, 더욱 특별한 느낌을 줍니다. 이 자켓은 모피 전문점에서 세탁이 가능하여 관리도 용이합니다. 제조사는 유로모피이며, 제조국은 중국입니다. 2024년 5월에 생산된 제품으로, 최신 트렌드를 반영하고 있습니다. 어깨 길이는 44cm, 가슴 둘레는 102cm, 밑단 둘레는 103cm, 소매 기장은 56cm, 총 기장은 52cm입니다. 비비 휘메일 풀스킨 밍크 자켓은 고급스러움과 편안함을 동시에 갖춘 아이템으로, 어떤 자리에서도 돋보일 수 있는 매력적인 선택입니다."
존스뉴욕24SS 수트 셋업,37813281_h.jpg,https://www.skstoa.com/display/goods/37813281,"뉴욕 클래식의 정석 존스뉴욕 테일러드 수트 셋업을 소개합니다. 이 수트는 끝에 고른 소재와 정교한 테일러링으로 완성된 제품으로, 블랙, 애쉬 그린, 베이지 색상이 준비되어 있습니다. 더블 버튼에 은 카라가 특징이며, 여성스러운 수트핏을 완성해 줍니다. 소매에는 실제로 오픈이 가능한 버튼 디자인이 적용되어 정통 테일러링 재킷의 디테일을 구현했습니다. 뒷중심에 트임 디테일을 넣어 여유롭고 편안한 착용감을 제공합니다. 이 수트는 다리가 곧고 날씬해 보이는 스트레이트 핏으로 디자인되었으며, 허리 시크릿으로 편안한 착용감을 더했습니다. 또한, 구김이 쉽게 가지 않는 원단을 사용하여 관리가 용이합니다. 링클프리 기능이 있어 손상을 줄이고, 옷의 피부를 보호해 주며 자외선 차단 기능도 갖추고 있습니다. 기계세탁이 가능한 소재로 관리가 용이하여 바쁜 일상 속에서도 손쉽게 사용할 수 있습니다. 상품명: 존스뉴욕 수트 셋업 컬러: 블랙, 애쉬 그린, 베이지 소재: 재킷 - 겉감: 폴리에스터 94%, 폴리우레탄 6% / 안감: 폴리에스터 100% 팬츠 - 겉감: 폴리에스터 94%, 폴리우레탄 6% 사이즈: 55, 66, 77, 88, 99 제조일: 2023년 11월 원산지: 인도네시아 세탁방법: 석유계 드라이클리닝 권장, 세탁망에 넣어 기계세탁 가능, 건조기 사용 불가 이 수트는 어떤 자리에서도 자신감을 주는 아이템으로, 세련된 스타일을 연출하고 싶으신 분들에게 강력 추천합니다."
헬렌카렌NEW 썸머 수트 셋업 2종,37495136_h.jpg,https://www.skstoa.com/display/goods/37495136,"헬렌카렌은 페미닌한 감성에 클래식한 멋을 더한 브랜드로, 나만의 스타일을 찾을 수 있는 편안한 아이템들을 제안합니다. 일상을 더욱 특별하게 만들어 줄 여름 수트 셋업이 새롭게 출시되었습니다. 2024년 여름을 맞아 헬렌카렌에서 처음 선보이는 이 여름 수트 셋업은 변형 트윌 투톤 링클프리 원단으로 제작되어, 여름에 최적화된 소재로 개발되었습니다. 유연한 드레이프성과 멋스러운 컬러감이 특징이며, 구김이 없고 신축성 있는 착용감까지 제공합니다. 반팔 재킷과 팬츠 2종으로 구성되어 있어, 각각 따로 또는 함께 다양한 코디와 룩을 연출할 수 있는 활용도 높은 세트 아이템입니다. 이 제품은 폴리에스터와 신축성을 가진 폴리우레탄 혼합으로, 부드러운 터치감과 우수한 드레이프성을 자랑합니다. 자연스러운 핏을 연출하며, 활동시 불편함 없이 착용할 수 있도록 디자인되었습니다. 또한, 미세한 요철이 있어 착장 시 특유의 떨어지는 느낌을 최소화해 주며, 오리 제직된 소재로 제작되었습니다. 팬츠는 전체적으로 살짝 여유 있는 일자핏으로 허리부터 힙까지 자연스럽게 잡아주며, 다리를 더욱 길어 보이고 슬림하게 만들어 줍니다. 앞판에는 700 디테일로 부해 보이지 않도록 돕고, 허릿단에 벨트 고리를 추가하여 다양한 스타일링이 가능하도록 하였습니다. 양 사이드에는 실용적인 주머니가 있어, 다양한 슈즈와 매치하기 좋은 기장과 실루엣으로 활용도를 높였습니다. 헬렌카렌의 여름 수트 셋업은 2024년 3월 제조되었으며, 다크네이비, 브라운, 라이트베이지 색상으로 제공됩니다. 겉감은 폴리에스터 52%, 레이온 44%, 폴리우레탄 4%로 구성되어 있으며, 안감은 100% 폴리에스터로 처리되었습니다. 세탁은 세탁소에 의뢰하여 단독 손세탁을 권장합니다. 여름철 시원하고 스타일리시한 룩을 원하신다면 헬렌카렌의 수트 셋업을 추천드립니다. 편안함과 멋스러움을 동시에 갖춘 이 아이템으로 일상에서 특별함을 느껴보세요!"
이상봉에디션24SS 모크넥 프릴 블라우스 1종,37283257_h.jpg,https://www.skstoa.com/display/goods/37283257,"프리미엄 패션 브랜드 - 이상봉 에디션 이상봉 디자이너의 독창적인 디자인을 담은 모크넥 프릴 블라우스를 소개합니다. 이 아이템은 간절기 시즌에 적합하며, 세련된 무드가 돋보이는 제품입니다. 넥라인과 소매, 밑단을 립 조직으로 처리하여 안정적인 실루엣과 자연스러운 볼륨감을 연출합니다. **제품 특징:** - **소재:** 탄탄한 조식감으로 편안함을 제공합니다. - **디자인:** 캐주얼하면서도 트렌디한 느낌을 살린 디자인으로, 다양한 스타일에 매치할 수 있습니다. - **컬러:** 아이보리 색상으로 어떤 옷과도 잘 어울립니다. 이 블라우스는 다양한 스타일링이 가능하여 데일리 룩부터 특별한 자리까지 활용할 수 있는 아이템입니다. 이상봉 브랜드의 디자인 철학을 느껴보세요! **사이즈 및 정보:** - **모델:** 60100 - **사이즈:** 세미 크기 - **기타:** 16 6444680146 편안하고 스타일리시한 일상을 위해 이 블라우스를 만나보세요!"
헬렌카렌24 SUMMER 플로럴 원피스,37494932_h.jpg,https://www.skstoa.com/display/goods/37494932,"헬렌카렌 여름 플로럴 슬리브리스 원피스는 여름 시즌의 데일리 아이템으로 강력히 추천합니다. 레이온 원사를 사용하여 여름철에도 시원하게 착용할 수 있는 니트 제품입니다. 성글게 짜여진 조직감과 입체 패턴으로 제작되어 체형에 구애받지 않으면서도 편안하게 착용할 수 있습니다. 야외 활동 시 한여름의 뜨거운 자외선에서도, 실내의 시원한 에어컨 바람에서도 활용도가 높아 자주 손이 가는 세트 아이템입니다. 아디 701자는 섬세한 컬러 조합의 플라워 패턴과 요루 쉬폰 소재의 조합으로 탄생한 생동감 있는 여름 원피스입니다. 디지털 전사 프린트를 사용하여 컬러 구현과 모티브 표현이 뛰어나며, 섬세한 색감과 음영까지 고려하여 더욱 사실적이면서 입체감이 돋보입니다. 쉬폰 소재에 요루 가공된 주름이 잡힌 원단으로 입체감 있는 표면이 더해져 구김이 잘 가지 않는 것이 큰 장점입니다. 가벼운 중량감과 투과성으로 여름철 시원한 느낌을 주며, 은은한 줄무늬 결 조직감과 매끄러운 표면감이 은은한 광택을 만들어냅니다. 소재 특성상 부드러운 터치감이 착용 시 기분 좋은 촉감을 느끼게 합니다. 하늘하늘 날리는 소재 느낌과 충분한 실루엣으로 움직임에 따라 우아하게 드레이프지는 드라마틱한 외관을 자랑합니다. 세탁 시 세탁망에 넣어 손쉽게 기계 세탁이 가능하여 관리 또한 간편합니다. 상품 정보는 다음과 같습니다: - 상품명: 헬렌카렌 여름 플로럴 슬리브리스 원피스 - 구성: 원피스 1종 - 색상: 블랙, 블루, 아이보리 - 소재: 겉감 - 폴리에스터 100%, 안감 - 폴리에스터 95%, 폴리우레탄 5% - 사이즈: 55, 66, 77, 88 - 제조원: 주 동잠 - 제조국: 중국 - 세탁 방법: 세탁망에 넣어 기계 세탁 가능, 건조기 사용 불가 - 제조년월: 2024년 3월 여름을 시원하게 보내고 싶다면 이 원피스를 꼭 체험해보세요!"
헬렌카렌최저가찬스 케이블 후드 집업 재킷 3종,37386615_h.jpg,https://www.skstoa.com/display/goods/37386615,"헬렌카렌은 퍼미닌한 감성과 클래식한 멋을 지닌 브랜드입니다. 편안한 스타일링의 아이템들을 제안하여, 나만의 스타일을 찾고 일상을 더욱 특별하게 만들어줄 제품을 제공합니다. 이번에 소개할 제품은 헬렌카렌 케이블 후드 집업 재킷 3종입니다. 다계절에 활용 가능한 클래식 아이템으로, 후드 니트 집업 재킷입니다. 선기획으로 가능한 기획 특가로 제공되며, 단독으로 착용하거나 다양한 이너탑과 레이어드하여 활용할 수 있는 만점 아이템입니다. 부드러운 소프트 원사로 제작되어 바로 착용해도 될 만큼 촉감이 우수하고 신축성도 뛰어납니다. 몸을 타지 않으면서도 편안하게 체형을 커버하는 케이블 조직의 니트 집업으로, 기계 세탁이 가능하여 관리가 편리합니다. 이 제품은 자연 유래 섬유인 레이온 44%로 제작되어, 일반 니트 원사에 비해 보풀이 잘 일어나지 않고 부드러운 촉감과 고급스러운 광택감을 자랑합니다. 신축성과 복원력이 강한 소재로 구김이 덜하고, 착용감이 매우 편안합니다. 특히 깔끔한 마무리를 위해 밑단과 소매부리에는 스판사를 넣어 늘어짐 없이 자연스러운 형태감을 유지할 수 있습니다. 니팅 정통 방식인 링킹 기법을 적용하여 더욱 완성도 높은 제품으로 제작되었습니다. 사이즈는 다양하게 준비되어 있으며, 제조국은 방글라데시입니다. 세탁 시에는 세탁망에 넣어 기계세탁이 가능하고, 건조기 사용은 금지되어 있습니다. 헬렌카렌 케이블 후드 집업 재킷은 여러분의 스타일을 한층 더 특별하게 만들어줄 아이템입니다."
유로컬렉션역시즌 최종가 SK단독 카라 밍크 자켓,40085549_h.jpg,https://www.skstoa.com/display/goods/40085549,"상품명: 유로컬렉션 밍크 스탠카라 자켓 색상: 블랙, 그레이, 사파이어 블랙, 라벤더 사이즈: 55, 66, 77, 88 제조사: 유로모피051 제조국: 중국 제조년월: - 블랙, 그레이 - 2023년 06월 - 사파이어 블랙, 라벤더 - 2023년 09월 세탁법: 모피 전문점에 의뢰 --- 고급스러움의 상징인 밍크와 다양한 컬러의 조화가 매력적인 이 자켓은, 명품 모피 브랜드 유로컬렉션의 뛰어난 노하우와 섬세한 디자인이 돋보입니다. 겉감 전체에 아낌없이 사용된 밍크 소재는 부드러움과 따뜻함을 동시에 제공하며, 다양한 컬러웨이를 통해 더욱 주목받는 아이템으로 자리 잡고 있습니다. 특히, 이 자켓은 기본적인 디자인을 갖추고 있으면서도 다채로운 색상 옵션으로 어떤 스타일에도 잘 어울립니다. 겨울철 필수 아이템으로, 우아함과 실용성을 모두 갖춘 제품입니다. 사이즈는 55, 66, 77, 88로 제공되며, 각 사이즈에 따른 상세 치수는 다음과 같습니다: - 어깨 길이: 55 사이즈 77.5cm, 66 사이즈 78.5cm, 77 사이즈 79.5cm, 88 사이즈 80.5cm - 가슴 둘레: 55 사이즈 104cm, 66 사이즈 108cm, 77 사이즈 118cm, 88 사이즈 116cm - 소매 통: 55 사이즈 40cm, 66 사이즈 41.5cm, 77 사이즈 43cm, 88 사이즈 44.5cm - 밑단 둘레: 55 사이즈 112cm, 66 사이즈 116cm, 77 사이즈 120cm, 88 사이즈 124cm - 총 기장: 55 사이즈 60cm, 66 사이즈 60.5cm, 77 사이즈 61cm, 88 사이즈 61.5cm 이 자켓은 겨울철 스타일링에 큰 도움이 될 것이며, 고급스러운 밍크의 매력을 만끽할 수 있는 기회를 제공합니다. 다양한 컬러와 사이즈로 여러분의 취향에 맞게 선택해 보세요!"
헬렌카렌초특가 스트라이프 니트 가디건 3종,37388894_h.jpg,https://www.skstoa.com/display/goods/37388894,"헬렌카렌은 페미닌한 감성과 클래식한 멋을 더한 스타일링을 제안하는 브랜드입니다. 나만의 스타일을 찾아 더욱 특별하게 만들어줄 다양한 아이템들을 만나보세요. 이번 시즌 추천하는 헬렌카렌 스트라이프 니트 가디건 3종은 단독으로도 아우터로도 활용 가능한 다계절 아이템입니다. 사람의 손으로 만든 실크 레이온이 70% 함유되어 착용하는 순간 느껴지는 부드러운 감촉이 매력적입니다. 클래식한 스탠다드 핏과 여유로운 실루엣으로 체형 커버가 가능하면서도, 적당한 브이넥과 립 조직이 페미닌한 무드를 더해줍니다. 니트 정통 기법을 적용하여 깔끔하고 완성도 높은 마무리를 자랑합니다. 이 가디건의 장점은 차가운 성질의 레이온이 피부에 달라붙지 않고 쾌적하게 착용할 수 있도록 도와주는 점입니다. 폴리에스터 혼용으로 인해 내구성이 좋고 구김이 없으며, 세탁 후 빠르게 건조되므로 관리가 용이합니다. 또한, 탄탄한 구조와 부드러운 신축성 덕분에 편안한 착용감을 제공합니다. 기본적인 베이지, 블랙, 그린 컬러로 구성된 이 가디건은 경쾌한 스트라이프 패턴으로 누구나 쉽게 코디할 수 있는 아이템입니다. 베이직한 디자인으로 단독 착용 시에도 어디에나 매치할 수 있으며, 체형 커버에도 탁월한 효과를 보여줍니다. 블랙 컬러는 쇄골 라인이 살짝 드러나는 여리한 넥 디자인으로, 부드럽게 바디 라인을 따라 흐르는 느낌을 줍니다. 헬렌카렌 스트라이프 니트 가디건 3종은 레이온 70%와 폴리에스터 30% 혼합 소재로 제작되었습니다. 중국에서 생산되며, 세탁은 손세탁을 권장합니다. 기분 좋은 착용감과 스타일을 모두 갖춘 이 가디건으로 멋진 하루를 만들어보세요!"
최복호더컬렉션초특가 23 SS 메시자켓 1종,31644385_h.jpg,https://www.skstoa.com/display/goods/31644385,"아티스틱한 프린트와 패치워크가 조화를 이루는 이 자켓은, 최복호 디자이너의 독창적인 스타일을 잘 보여줍니다. 1973년에 첫 작품을 발표한 그는 40년 이상 현역에서 활동하며 대한민국 1세대 디자이너로서의 입지를 확고히 했습니다. 그의 디자인은 인간, 사회, 자연에서 영감을 받아 제작되며, 옷을 육체에 입히는 것이 아니라 영혼에 입히는 것이라는 철학을 가지고 있습니다. 이 제품은 여성복 브랜드로, 모던한 감각을 담아낸 다양한 패치워크와 컬러 믹스가 특징입니다. 기계 세탁이 가능하여 관리가 편리한 실용적인 자켓입니다. 폴리에스터 소재로 제작되어 부드러운 터치감과 우수한 내구성을 자랑하며, 등과 밑단의 메시 원단 배색으로 시원하게 착용할 수 있습니다. 주요 정보: - 상품명: 2355 최복호 더 컬렉션 메시 자켓 1종 - 사이즈: 55, 66, 77, 88, 99 - 컬러: 블랙, 블루, 오렌지 - 소재: 겉감 - 폴리에스터 100%, 배색 - 폴리에스터 100%, 심지 - 상표 보강재 (자수 장식 제외) - 제조국: 베트남 - 세탁 방법: 기계 세탁 가능 - 제조년월: 2023년 02월 이 자켓은 엉덩이를 덮는 기장으로 부담 없이 어디에나 매치하기 좋으며, 앞뒤 길이가 다른 언밸런스 실루엣으로 다양한 스타일 연출이 가능합니다. 일상적인 착용은 물론, 특별한 날에도 잘 어울리는 아이템입니다. 고객센터: 070-4272-4816 이 자켓을 통해 스타일과 편안함을 동시에 누려보세요!"
비버리힐즈폴로클럽여성 코튼 블렌드 재킷,37754876_h.jpg,https://www.skstoa.com/display/goods/37754876,"비버리힐스 폴로클럽 여성 클래식 코튼 자켓 1종 정통 아메리칸 트레디셔널 캐주얼 브랜드인 비버리힐스 폴로클럽은 홍콩, 두바이 등 다양한 글로벌 매장을 통해 전개되고 있으며, 신뢰할 수 있는 글로벌 라이센스 브랜드입니다. 본사는 미국에 위치하고 있으며, 고객님께서는 믿을 수 있는 제품을 경험하실 수 있습니다. 저희는 단 하나의 제품이라는 자부심을 가지고 제작하고 있습니다. 이 자켓은 폴리우레탄 3%, 면 68%, 나일론 29%로 구성되어 있습니다. 구김 방지 및 자외선 차단 기능이 추가되어 기계 세탁이 가능하여 편리합니다. 자켓의 자수 포인트는 브랜드의 차별화된 요소를 강조하며, 시그니처 로고 디자인이 특징입니다. 사파리 형태의 트렌치 디자인을 가미한 집업 점퍼로, 힙을 여유 있게 덮는 스타일리시한 느낌을 제공합니다. 엔틱 느낌의 니켈 지퍼와 허리 안쪽 스트링으로 슬림하게 연출이 가능하여 다양한 스타일링에 적합합니다. 사이즈 정보: - 가슴 둘레: 49.5cm, 52cm, 54.5cm, 57cm, 59.5cm - 어깨 너비: 38.5cm, 40cm, 41.5cm, 43cm, 44.5cm - 밑단 너비: 59.5cm, 62cm, 64.5cm, 67cm, 69.5cm - 소매 길이: 58cm, 59cm, 60cm, 62cm - 총 기장: 68cm, 70cm, 72cm, 74cm, 76cm 제품 소재는 면 68%, 나일론 29%, 폴리우레탄 3%이며, 세탁 방법은 기계 세탁이 가능합니다. 다양한 체형의 남성과 여성에게 적합한 사이즈를 제공하여, 누구나 편안하게 착용할 수 있습니다. 스타일과 실용성을 동시에 갖춘 비버리힐스 폴로클럽 자켓으로 멋진 일상을 즐겨보세요!"
헤스티지초특가 여성 램스킨 하이넥 코트,40440354_h.jpg,https://www.skstoa.com/display/goods/40440354,"헤스티지 여성 램스킨 코트는 실용성과 현대적인 디자인을 모두 갖춘 모던한 가죽 모피 전문 브랜드입니다. 고급 양가죽 원피와 유럽산 천연 모피를 사용하여 뛰어난 품질을 자랑합니다. **제품 정보:** - **색상:** 블랙, 브라운, 그린, 모카베이지 - **사이즈:** 55, 66, 77, 88, 99 - **소재:** - 겉감: 천연가죽(양가죽) - 안감: 폴리에스터 100% - **제조원:** 에스비트렌드 - **제조국:** 중국 **세탁 방법:** 가죽 모피 전문점에 의뢰하여 세탁하세요. 헤스티지의 베이직 라인에서 선보이는 이 자켓은 천연 양가죽을 사용하여 제작되었습니다. 양가죽은 부드럽고 유연한 터치감과 자연스러운 광택을 제공합니다. 시간이 지날수록 착용할수록 더욱 멋스럽고 가벼운 특성이 매력적입니다. 모공이 조밀하고 탄력이 뛰어나 단열 효과가 우수하여 다양한 의류에 활용하기 좋습니다. 부드럽게 가공된 양가죽은 은은한 광택과 선명한 컬러감을 자랑하며, 스크래치와 오염에 강한 실용적인 가공 방법으로 오일 워싱이 적용되었습니다. 이로 인해 가죽의 드레이프성이 강화되어 부드러우면서도 내구성이 뛰어난 제품입니다. 매력적인 디자인과 뛰어난 착용감으로 다양한 스타일에 잘 어울리는 이 코트를 통해 세련된 룩을 완성해보세요!"
오아로초특가 플리츠 블라우스 3종,40683058_h.jpg,https://www.skstoa.com/display/goods/40683058,"늘부터 아름다운 패션 로맨스를 선사합니다. 트렌드에 민감하면서도 실용성과 편안함을 추구하는 스타일로, 활동적이고 감각적인 룩을 완성하세요. 일상의 모든 순간에 스며드는 라이프스타일, 오늘도 패션은 오아로와 함께합니다. 2024년 5월 5일 출시된 플리츠 블라우스 3종을 소개합니다. 1. 멋스러운 패턴의 플리츠 디자인으로 실키하면서도 고급스러운 블라우스입니다. 텐션감 있는 저지 원단을 등판에 사용하여 편안한 착용감을 선사합니다. 2. 각 컬러에 어울리는 정교하고 구조적인 프린트로 고급스러운 느낌을 주며, 3종 다코디 매칭이 좋은 컬러감으로 데일리 착용이 가능합니다. 3. 네크라인과 밑단에 톡톡한 니트짜임의 시보리 원단을 사용하여 편안하면서도 고급스러운 마감 처리를 자랑합니다. 4. 활동성과 편안한 핏을 연출할 수 있는 저지 소재를 사용하여 경쾌한 느낌을 더했습니다. 본 제품은 도비쉬폰 소재로 입체적으로 짜여 있어 톡톡한 소재감이 느껴지며, 고급스럽고 실크처럼 은은한 광택감을 제공합니다. 폴리에스터 특유의 부드럽고 찰랑이는 터치감과 탄탄한 구조감으로 하이 퀄리티 소재를 완성했습니다. 또한, 부드러운 터치감으로 몸에 달라붙지 않아 착용감이 우수하며, 보우븐 소재와 잘 어울리는 크레이프 저지 소재로 활동성이 뛰어납니다. 앞판, 등판, 소매에 다른 세 가지 원단의 컬러감을 세심하게 맞춰 이질감 없이 편안한 룩을 연출합니다. 마모 강도가 우수하여 내구성이 뛰어나고, 물에 젖거나 세탁 시에도 빠르게 건조되는 특징이 있습니다. 기계 세탁과 기계 건조가 가능하여 손쉽게 관리할 수 있는 제품입니다. 1801 고인 블랙은 시크한 블랙 컬러에 화이트와 블랙의 체인 패턴을 사용하여 화려하면서도 고급스럽게 연출 가능합니다. 플로럴 패턴의 깔끔한 화이트 컬러에 블랙 라인을 포인트로 주어 우아한 느낌을 더했습니다. 단정한 네이비 바탕에 톤 다운된 핑크 컬러로 패턴 포인트를 주어 여성스러운 매력을 강조합니다. 2024년 5월 5일 출시된 이 제품으로 세련된 스타일을 완성해 보세요!"
오아로초특가 자수 아트 코튼 티블라우스 4종,37597824_h.jpg,https://www.skstoa.com/display/goods/37597824,"동적이고 감각적인 스타일과 편안함을 추구하는 코튼 자수 마트 티 블라우스 4종을 소개합니다. 1. **디자인**: 각기 다른 티테일로 구성되어 각 컬러와 어우러지는 디자인이 특징입니다. 특별한 스타일 없이도 세련된 연출이 가능합니다. 2. **자수 포인트**: 고급스러운 자수를 포인트로 한 디자인으로, 멋스러우면서도 젊은 느낌을 주는 티 블라우스입니다. 2024 시즌에 입기 좋은 컬러감으로, 오아로만의 감성을 담았습니다. 3. **소재**: 자연소재인 면과 내구성이 좋은 폴리 소재의 조합으로, 신축성이 좋고 구김이 잘 가지 않아 편안한 착용감을 느낄 수 있습니다. 은은한 광택감이 매력적인 저지 원단으로, 활동성도 뛰어난 디자인입니다. 4. **실루엣**: 몸에 붙지 않는 여유로운 실루엣과 기장감으로 자연스러운 체형 커버가 가능합니다. 5. **컬러 및 소재 구성**: - 겉감: 오션 네이비, 레몬 옐로우, 가든 카키 (폴리에스터 73%, 면 22%, 폴리우레탄 5%) - 겉감: 와인 스트라이프 (폴리에스터 78%, 면 13%, 폴리우레탄 9%) - 배색: 오션 네이비, 레몬 옐로우, 와인 (나일론 75%, 면 25%) 6. **원단 특징**: 부드러운 촉감과 구김이 적으며 형태 안정성이 뛰어난 원단으로, 세탁 후에도 변형이 최소화됩니다. 통기성이 좋아 쾌적한 착용감을 제공합니다. 7. **기능성**: - 투습 기능으로 쾌적한 착용감을 유지합니다. - 내마모성이 뛰어나 오랫동안 편안하게 착용할 수 있습니다. - 자외선 차단 기능으로 햇빛으로부터 피부를 보호합니다. 이 제품은 다양한 스타일링이 가능하여 데일리 룩은 물론 특별한 날에도 어울리는 아이템입니다. 기본 컬러와 포인트 컬러가 조화를 이루어 매일 새로운 느낌으로 착용할 수 있습니다."
모라도반팔 플리츠 원피스 1종,31931413_h.jpg,https://www.skstoa.com/display/goods/31931413,"반팔 플리츠 원피스 플랫 카라 디자인에 미들 웨이스트로 착용감이 우수합니다. 정교한 간격으로 들어간 플리츠와 무릎을 덮는 롱 기장감이 매력적인 아이템입니다. 단정하면서도 클래식한 무드를 지니고 있어 다양한场合에서 활용하기 좋습니다. 이 원피스는 몸에 달라붙지 않고 가벼운 터치감으로 쾌적한 착용감을 제공합니다. 트렌디한 컬러감 연출이 가능하며, 자연스러운 광택감이 더해져 고급스러운 느낌을 줍니다. 구김이 적은 소재로 청량감이 느껴지는 시원한 착용감이 매력적입니다. 이 제품은 어떤 스타일에도 잘 어울리며, 여름철 필수 아이템으로 추천드립니다."
알렌오ALLENO 빈티지 워싱 야상점퍼,37900277_h.jpg,https://www.skstoa.com/display/goods/37900277,"옷보다 대상을 더 우아하게 만들어주는 아이템입니다. 캐주얼한 스타일로 44부터 88까지 전 사이즈를 제공합니다. 한 워싱 카키 야상입니다. 면 소재로 자연 유래 소재를 사용하여 경쾌하고 부드러운 느낌을 주며, 합성 섬유와 바이오워싱 기법을 적용하여 더욱 편안하게 착용할 수 있습니다. 이 제품은 오버핏 사이즈로 두꺼운 감이 있으며 보통의 신축성을 가지고 있습니다. 사이즈 정보는 다음과 같습니다: - 원사이즈: 55-88 - 종장: 101cm - 상동: 132cm - 밑단: 132cm - 화장: 77cm - 소매통: 48cm - 소매부리: 38cm - 목넓이: 17cm 편안하면서도 스타일리시한 이 제품으로 멋진 룩을 완성해보세요!"
헬렌카렌초초특가 23FALL 비스코스 텐션 셔츠 3종,33308524_h.jpg,https://www.skstoa.com/display/goods/33308524,"새로운 스타일을 제안하는 브랜드입니다. 클래식한 멋과 편안함을 더한 스타일링으로, 나만의 특별한 일상을 만들어줄 아이템을 만나보세요. 2023년 7월, 카렌 비스코스 텐션 셔츠 3종이 출시되었습니다. 이 셔츠는 헬렌 클래식한 디자인과 편안한 소재로, 착용감이 극대화된 제품입니다. 비스코스 레이온을 95% 혼합한 이 셔츠는 부드러움은 물론, 폴리우레탄을 사용한 편직 기술로 뛰어난 텐션감을 제공합니다. 실크처럼 부드러운 질감과 자연스러운 드레이프 효과로 다양한 스타일링이 가능하여 만능 코디 아이템으로 손색이 없습니다. 이 셔츠는 기계 세탁이 가능하여 관리도 용이합니다. 비스코스 레이온은 나무에서 추출한 섬유소로 만들어져, 부드러운 촉감과 쾌적한 착용감을 제공합니다. 은은한 광택이 있는 이 원단은 세련된 룩을 연출하며, 편안한 착장감 또한 느낄 수 있습니다. 디자인 면에서도 클래식한 셔츠 카라 스타일로 유행을 타지 않으며, 핏감이 적절하여 다양한 상황에서 활용할 수 있습니다. 간결하면서도 캐주얼한 스타일로, 여행룩으로도 손쉽게 연출이 가능합니다. 편안한 착용감과 실용성을 갖춘 이 셔츠는 여성들의 데일리룩에 적합하며, 활동성을 높여주는 디자인이 특징입니다. 다양한 색상과 사이즈로 구성되어 있으니, 나에게 맞는 스타일을 찾아보세요. 제품 정보: - 소재: 비스코스 96%, 폴리우레탄 4% - 사이즈: 55, 66, 77, 88 - 제조사: 주 티글로벌 - 제조국: 베트남 - 세탁방법: 단독 손세탁, 찬물에 약하게 기계세탁 가능, 건조기 사용 불가 - 제조년월: 2023년 7월']"
지베르니24SS 울실크 홀가먼트 반팔 니트 3종,37820312_h.jpg,https://www.skstoa.com/display/goods/37820312,"편안하면서도 자연스러운 아름다움을 추구하는 디자인을 선보이는 브랜드 지베르니에서 새로운 스타일을 만나보세요. 무난하면서도 꾸민 듯 안 꾸민 듯, 옷장에서 자주 찾게 될 니트 3종입니다. 군더더기 없는 가장 베이직하고 깔끔한 디자인과 기본적인 컬러 구성으로 누구나 손쉽게 코디할 수 있습니다. 스타일링에 따라 연령층에 구애받지 않고 이지룩부터 캐주얼룩, 격식 있는 자리 등 다양하게 활용 가능하며, 트렌디한 감각적인 디자인으로 편하고 스타일리시하게 입어볼 수 있는 니트입니다. 기본적으로 블랙, 레드, 베이지 컬러로 구성되어 있어 다양한 스타일링이 가능합니다. 블랙, 레드, 베이지 짧지 않은 기장감으로 엉덩이를 살짝 덮어 부담 없이 착용할 수 있으며, 55사이즈부터 다양한 사이즈로 준비되어 있습니다. 넥라인부터 어깨까지 흐르는 자연스러운 라인과 라글란 소매 디자인이 여성스러움을 더해줍니다. 상품명: 며성 울 실크 블렌디드 반팔 니트 3종 사이즈: 55, 66, 77, 88, 99 구성: 여성용 반팔 니트 3종 소재: 아크릴 45%, 나일론 25%, 폴리에스터 21%, 모 5%, 견 4% 제조국: 중국 세탁방법: 손세탁, 건조기 사용 불가 제조년월: 2024년 01월 품질보증기준: 관련 법 및 소비자 분쟁 해결 기준을 따릅니다. 고객센터: 070-4272-4816 편리하게 관리할 수 있고, 내구성이 뛰어난 제품으로, 신축성과 복원력 또한 우수합니다. 다양한 스타일로 연출할 수 있는 이 니트를 통해 멋진 패션 아이템을 완성해보세요!"
모라도플리츠 원피스 1종,35095252_h.jpg,https://www.skstoa.com/display/goods/35095252,"플랫 카라에 미들 웨이스트 디자인으로, 일정한 간격으로 들어간 플리츠 디테일과 무릎을 덮는 롱 기장감이 단정하면서도 클래식한 무드를 연출합니다. 우아하고 세련된 이 플리츠 원피스를 통해 특별한 날에 더욱 빛나는 모습을 만나보세요. 탄탄하면서도 가벼운 폴리 소재와 부드러운 터치감의 레이온 혼합 원단으로, 신축성이 좋고 부드러운 착용감을 자랑합니다. 레이온이 17% 함유되어 있어 은은한 광택감과 함께 다양한 각도에서 자연스럽게 변하는 컬러감을 느낄 수 있습니다. 이 제품은 고급스러운 촉감으로 데일리 룩에서도 특별한 포인트가 되어 줄 것입니다. 색상 옵션: - 팁그린 - 와인 - 에토프 베이지 여러 가지 스타일에 매치하기 좋은 이 원피스는 모든 여성에게 자신감을 주는 아이템입니다. 지금 바로 만나보세요!"
이상봉에디션24SS 투웨이 나시 니트탑 3종,37967691_h.jpg,https://www.skstoa.com/display/goods/37967691,"새롭지만 매력적인 디자인으로, 오래도록 입을 수 있는 프리미엄 패션 브랜드입니다. 이 제품은 고급스러운 소재와 세련된 스타일로 다양한 패션 아이템과 잘 어울립니다. 디자이너로 살아가면서 가장 좋은 것은 여러 세대를 살아가는 경험을 할 수 있다는 점입니다. 1985년에 남산에 본사와 매장을 처음 오픈하였고, 당시에는 쇼복을 판매하지 않았던 불문율을 깨고 컬렉션 의상으로 매장을 구성하여 많은 매니아층을 확보했습니다. 이런 새로운 컨셉을 바탕으로 그의 샵은 관심의 대상으로 떠오르며, 최단기간 내 성공한 디자이너라는 닉네임을 얻게 되었습니다. 현재 전 세계 각국의 패션위크와 국제 행사에서 초청받아 패션쇼를 진행하며, 디자이너 이상봉의 디자인 철학을 알리고 있습니다. 브랜드의 인지도를 세계적인 수준으로 매 시즌 높이고 있습니다. 이상봉 브랜드는 다양한 국제 행사에서도 그 존재감을 드러내고 있습니다. 2014년 한국 스위스 수교 50주년 기념 패션쇼를 취리히에서 진행했으며, 2013년에는 런던 올림픽 기념 패션쇼를 개최하였습니다. 국내 청담 플래그쉽 스토어와 함께, 뉴욕, 프랑스, 러시아, 사우디 아라비아 등 세계 주요 도시의 매장에서 판매되고 있습니다. 이상봉 에디션의 투웨이 슬리브리스 니트탑은 캐주얼한 브이넥과 미니멀한 스퀘어넥으로 두 가지 스타일링이 가능하여, 다양한 패션 연출이 가능합니다. 고급스러운 원단으로 제작되어 내구성이 뛰어나며, 부드러운 터치감이 특징입니다. 데일리 아이템으로 추천합니다. 이처럼 다양한 스타일과 기능성으로 가득한 이상봉 브랜드의 제품들을 통해, 여러분의 패션 엣지를 한층 더 높여보세요!"
알렌오ALLENO 비건 레더 자켓,37900122_h.jpg,https://www.skstoa.com/display/goods/37900122,"옷보다 대상을 더 우아하게 만드는 제품입니다. 예의를 갖추면서도 격식에 얽매이지 않고, 정제된 미적 가치를 추구합니다. 섬세한 디테일을 더해 최고의 퀄리티를 만들어냅니다. 이번 제품은 에코 레더를 사용한 유니섹스 봄버 자켓입니다. 스타일을 살리면서도 편안한 착용감을 제공합니다. 사이즈 정보는 다음과 같습니다: - 오버핏 사이즈 - 무게감: 보통 - 신축성: 없음 사이즈 44-77에 적합하며, 앞기장 60cm, 뒷기장 67cm, 어깨 너비 57cm, 가슴 둘레 128cm, 밑단 둘레 112cm입니다. 소매 기장은 54cm, 소매 구멍은 25cm, 앞 파임은 11cm, 넥 너비는 18cm, 카라 높이는 11cm입니다. 이 제품은 스타일과 편안함을 동시에 제공하여, 다양한 룩에 매치하기 좋습니다. 봄, 가을에 활용하기에 적합하며, 데일리룩부터 캐주얼한 자리까지 다양하게 활용할 수 있습니다."
헬렌카렌최종가 FAUX 레더 재킷,33325378_h.jpg,https://www.skstoa.com/display/goods/33325378,"헬렌카렌 640 레더 재킷 가을에 꼭 필요한 레더 재킷을 소개합니다. 헬렌카렌에서 처음 선보이는 이 아이템은 세련된 디자인으로 어떤 스타일링에도 잘 어울립니다. 관리가 용이한 레더 재킷으로, 자연스러운 크렉과 고급스러운 윤기가 특징입니다. 부드러운 착용감과 정교한 입체 패턴으로 편안하게 입을 수 있습니다. 이 레더 재킷은 블랙, 브라운, 레드 세 가지 색상으로 제공되며, 다양한 하의 아이템과 매치하기 좋아 데일리로 착용하기에 적합합니다. 미니멀한 디자인과 깔끔한 라운드넥으로 부담 없이 착용할 수 있습니다. 프론트 중앙에는 고급스럽고 세련된 볼드한 금장 버튼을 더해 완성도를 높였습니다. 또한, 바스트 윗부분의 절개선과 양 사이드의 절개 라인은 정교한 입체 패턴을 만들어내어 착용 시 실루엣을 정돈해줍니다. 어깨에는 적당한 두께감의 패드가 내장되어 있어 형태감이 무너지지 않도록 하였고, 맞춤복에 사용되는 고급 자재로 어깨와 소매 라인을 살려주었습니다. 상품의 안쪽에는 실용적인 포켓과 슬릿을 추가하여 턴업 연출이 가능하도록 디자인되었습니다. 이 레더 재킷은 고급스러운 외관과 스트레치성을 겸비하여 편안한 착용감을 선사합니다. 다양한 룩에 포인트 아이템으로 스타일리시하게 연출할 수 있습니다. 제품 정보를 요약하면 다음과 같습니다: - 상품명: 헬렌카렌 640 레더 재킷 - 구성: 레더 재킷 - 색상: 블랙, 브라운, 레드 - 소재: 표면 - 인조가죽, 이면 - 레이온 100%, 안감 - 폴리에스터 - 사이즈: 55, 66, 77, 88 - 제조원: 주 동잠 - 제조국: 중국 - 세탁방법: 반드시 가죽 전문점에 세탁, 기계 건조기 사용 금지 - 제조년월: 2023년 7월 고급스러운 디자인과 실용성을 겸비한 헬렌카렌 640 레더 재킷으로 가을 패션을 한층 업그레이드해 보세요!"
어썸핏여성 트리코트 트윌 팬츠 3종 TTSW,31462879_h.jpg,https://www.skstoa.com/display/goods/31462879,"어썸핏 팬츠 전문 브랜드는 수많은 원단과 패턴을 분석하여 한국인에게 딱 맞는 팬츠를 제작하기 위해 연구를 거듭하고 있습니다. 우리의 모토는 일상 곳곳에서 부담 없이 입을 수 있는 편안하면서도 트렌디한 상품을 제안하는 것입니다. **상품 구성:** 팬츠 3종 **색상:** 블랙, 애쉬네이비, 베이지 **사이즈:** 55, 66, 77, 88, 99 **소재:** 폴리에스터 95%, 폴리우레탄 5% 고급스러운 트윌 원단으로 제작된 이 팬츠는 컬리감과 트윌 원단 특유의 고급스러운 광택이 특징입니다. 스트레치가 가벼워 기계 세탁이 가능하며, 링클 프리 기능이 있어 관리가 용이합니다. 레글러 핏으로 다리를 길어 보이게 연출하며, 편안한 착용감이 기본입니다. 주름이 잘 가지 않고 내구성이 뛰어나 반복 착용에도 회복력이 좋습니다. 특히, 허리부터 힙라인, 허벅지, 밑단까지 자연스럽게 떨어지는 레글러 핏 라인이 매력적입니다. 무릎선을 높게 잡아 주어 전체적으로 다리가 길어 보이는 효과가 있습니다. 또한, 레직기선을 잡아주어 다리가 곧고 길어 보이게 하며, 격식 있는 정장스러운 느낌을 연출합니다. 아웃 스트링으로 스타일리시하게 캐주얼하게 착용할 수 있습니다. 사이즈는 상품의 단면 측정 기준으로, 측정하는 사람과 방법에 따라 오차가 있을 수 있습니다. **세탁 방법 및 취급 시 주의사항:** 기계 세탁 가능, 기계 건조 금지 **제조 연월:** 2023년 3월 이후 어썸핏 폴리 트윌 슬랙스 팬츠는 데일리 룩을 완성하는 아이템으로, 편안함과 스타일을 동시에 만족시켜줄 것입니다."
바네사리찌24SS 프린트 블라우스 4종,37513900_h.jpg,https://www.skstoa.com/display/goods/37513900,"반 오픈 와이어 카라 블라우스 2종과 망사 배색 블라우스 2종을 소개합니다. 편안하고 부드러운 터치감의 폴리에스터 원단으로 제작되어, 착용감이 우수합니다. 신축성과 활동성이 뛰어난 폴리우레탄 혼합 소재로, 일상적인 활동에서도 편안하게 입을 수 있습니다. 이 블라우스는 기계 세탁이 가능하여 세탁 후에도 변형이나 틀어짐 없이 오래 착용할 수 있습니다. 구김이나 주름이 생기지 않아 언제나 깔끔한 상태로 유지할 수 있어 관리가 간편합니다. 컬러는 네이비, 오렌지, 블랙, 핑크로 다양하게 준비되어 있어, 취향에 맞게 선택할 수 있습니다. 다양한 스타일링이 가능한 아이템으로, 데일리 룩에 포인트를 줄 수 있습니다. 지금 바로 반 오픈 와이어 카라 블라우스와 망사 배색 블라우스를 만나보세요!"
NnF최종가 23SS 썸머 텐셀 반바지 3종,32352129_h.jpg,https://www.skstoa.com/display/goods/32352129,"“Flexible movement""라는 캐치프레이즈로 40대와 60대 연령대의 다양한 고객들에게 구애받지 않고 자신을 표현할 수 있는 합리적인 가격대의 제품을 제공하는 브랜드입니다. 2023년 여름, 2355 썸머 라이오셀 이지 팬츠 3종을 소개합니다. 여성용 반바지 3종으로 구성되어 있습니다. 이 팬츠는 야외 활동이 많아지는 여름에 착용하기 좋은 아이템으로, 기본적인 디자인이면서도 트렌디함을 잃지 않아 무난하게 착용할 수 있습니다. 활용도가 높은 3가지 컬러의 팬츠를 선보이며, 다양한 스타일 연출이 가능합니다. 이 제품은 기계 세탁이 가능하여 관리가 편리하며, 텐셀 리오셀 섬유로 제작된 데님 팬츠입니다. 텐셀 리오셀 섬유는 오스트리아의 세계적인 섬유회사인 렌징에서 개발한 소재로, 부드러움과 함께 오랫동안 지속되는 편안함을 제공합니다. 수분 전달이 자연스럽게 이루어져 피부에 쾌적함을 더해줍니다. 이 팬츠는 기본적인 블루 컬러의 베이직한 라인으로, 양쪽으로 사이드 포켓이 있어 수납에 용이합니다. 핏이 좋아서 어느 옷과도 잘 어울리며, 입구 부분을 살짝 굴려 좀 더 캐주얼한 이미지를 연출할 수 있습니다. 허리 밴드는 전체적으로 둘러져 허리 사이즈를 반사이즈로 커버할 수 있어, 복부를 눌릴 걱정 없이 편안하게 착용할 수 있습니다. 시원한 느낌의 아이스 블루 컬러와 빈티지한 워싱으로 청량감을 주는 팬츠이며, 다양한 스타일링이 가능합니다. 양쪽의 넉넉한 사이즈 아웃포켓으로 수납이 용이하며, 포켓 밑부분을 살짝 굴려 캐주얼한 느낌을 더해줍니다. 이 팬츠의 사이즈는 55, 66, 77, 88, 99로 구성되어 있으며, 다양한 체형에 맞춰 선택할 수 있습니다. 컬러는 인디고 블루, 블루, 아이스 블루의 3가지로 제공됩니다. 소재는 공통적으로 리오셀 100%로 제작되었으며, 세탁 방법은 기계 세탁이 가능합니다. 제조국은 중국이며, 2023년 03월에 제조되었습니다. 고객 센터는 070-4272-4816로 문의하시면 됩니다. 여름 시즌에 딱 맞는 이 멋진 팬츠로 스타일을 완성해보세요!"
바띠초특가 24SS 썸머 앙상블 셋업 2종,38512532_h.jpg,https://www.skstoa.com/display/goods/38512532,"**프렌치 감성의 고품격 브랜드, 바띠 썸머 자켓 & 슬리브리스 2종** 2002년 8월, 백화점 입점을 시작으로 트렌드가 가미된 디자인, 차별화된 소재의 기능화, 합리적인 가격을 추구하는 브랜드가 바로 바띠입니다. 엘레강스와 커리어군의 브릿지 라인에 진심을 담아 제작된 이 제품들은 프렌치 감성을 느낄 수 있는 고품격 아이템입니다. **제품 설명:** - **디자인**: 앞판에는 화려한 플라워 그래픽으로 포인트를 주었으며, 볼륨 퍼프 소매는 살짝 변형되어 여성스러운 매력을 한층 더했습니다. 소매 밑단에는 겹치는 트임을 주어 활동성을 높였습니다. - **스타일**: 기존 민소매와 달리 어깨선이 내려간 세미 드롭소매 스타일로, 목선은 상하보다는 좌우로 파여 좀 더 캐주얼한 느낌을 줍니다. 하단 허리선 아래 좌우 턱서리로 인해 뱃살 커버가 가능한 스타일입니다. **소재 특징:** - **레이온**: 70% 함유된 레이온 소재로, 필라멘트사가 가늘어 보풀이 발생하지 않고 실키한 터치감을 제공합니다. - **냉감 소재**: 여름철에도 쾌적하게 착용할 수 있도록 냉감 소재로 제작되었습니다. **사이즈 정보**: - 어깨: 38, 39, 40, 41, 42, 43, 44, 45, 46, 47 - 상동: 53, 55, 56, 58, 60, 63, 65, 68, 70 - 밑단: 64, 67, 69, 72, 70, 59, 55, 56 - 총장: 60, 62, 64, 66 - 소매 기장: 44, 45, 46, 47 - 소매 통: 43, 44, 45, 46 - 소매 부리: 28, 29, 30, 31 사이즈는 재는 방법에 따라 1~2cm의 오차가 있을 수 있습니다. **구성**: 자켓, 슬리브리스 총 2종 **색상**: 블랙, 블루 **혼용율**: 슬리브리스 겉감은 레이온 70%, 폴리에스터 30%로 제작되었습니다. **세탁 및 보관 방법**: 손세탁을 권장합니다. **제조년월**: 2023년 4월 **제조국**: 베트남 여름철 필수 아이템인 바띠 썸머 자켓과 슬리브리스를 통해 스타일리시하면서도 편안한 여름을 보내세요!"
조이너스24SS 파워텐션 쿨 밴딩팬츠 3종,38276554_h.jpg,https://www.skstoa.com/display/goods/38276554,"도시 여성의 세련미와 트렌디함을 동시에 표현하며, 내면의 여성성을 강조하는 패션 스타일을 자랑하는 브랜드입니다. 특히, 커리어 우먼의 고급스러움을 완성하는 아이템을 제공합니다. **시그니처 밴딩팬츠**는 조이너스의 대표적인 제품으로, 깔끔한 실루엣과 뛰어난 착용감이 특징입니다. 다양한 스타일링이 가능하여 일상에서 활용도가 높습니다. 이 팬츠는 부드럽고 편안한 소재로 제작되어, 관리가 용이한 폴리에스터와 폴리우레탄 혼합 원단을 사용하였습니다. 활동성을 극대화하면서도 고급스러운 텍스처감이 돋보입니다. 이 제품은 스트레치 기능이 있어 기계세탁이 가능하며, 링클프리 기능으로 관리가 편리합니다. 허벅지 라인부터 밑단까지 매칭된 컬러톤으로 세련된 슬림 스트레이트 실루엣을 연출하며, 자카드 밴드와 풀 밴딩 오비가 편안한 착용감을 제공합니다. 충분한 밑위 길이와 사이드 포켓 디테일로 실용성을 더했고, 뒷 허리선이 뜨지 않도록 안정감 있게 디자인되었습니다. 밑단 슬릿 디테일이 입체적인 라인을 만들어주어 스타일을 한층 더 돋보이게 합니다. **사이즈 안내:** - 총장: 95, 96, 97, 98cm - 허리둘레: 68, 73, 78, 83cm - 엉덩이둘레: 92, 97, 102, 107cm - 허벅지둘레: 56, 58, 60, 63cm - 밑단둘레: 45, 46, 47, 48cm - 앞밑위: 27, 27.6, 28.2, 28.8cm - 뒷밑위: 40, 40.6, 41.2, 41.8cm - 오비폭: 45cm **상품명:** 조이너스 시그니처 밴딩팬츠 **구성:** 팬츠 1종 **컬러:** 블랙, 애쉬 그린, 라이트 베이지 **소재:** 폴리에스터 95%, 폴리우레탄 5% **원산지:** 베트남 이 팬츠는 세탁 전 주의사항을 필독하시고, 기계세탁이 가능하여 관리가 수월합니다. 스타일과 편안함을 모두 갖춘 이 팬츠로, 더욱 멋진 일상을 완성해보세요!"
NnF초특가 24SS 골지스판팬츠,38014812_h.jpg,https://www.skstoa.com/display/goods/38014812,"제시된 제품은 40대와 60대 고객을 타겟으로 하여 다양한 위치에서 자신을 표현할 수 있도록 합리적인 가격대의 제품을 제공하는 브랜드입니다. 편안하게 일상에서 활용할 수 있는 와이드 팬츠입니다. 세련된 와이드 핏으로 엉덩이와 허벅지의 단점을 보완해주며, 가장 활용도가 높은 3가지 컬러로 제공되어 다양한 상의와 쉽게 매치할 수 있습니다. 이 팬츠는 멜란지 디자인으로 부드러운 촉감과 우수한 드레이프성을 자랑합니다. 움직임에 따라 찰랑찰랑 흐르는 유연한 착용감이 특징입니다. 사이즈는 55에서 99까지 다양하게 준비되어 있어, 누구나 편안하게 착용할 수 있습니다. 속옷처럼 가볍고 편안하게 착용할 수 있으며, 양쪽 사이드로 포켓이 있어 실용성까지 갖추었습니다. 소재는 폴리에스터 53%, 레이온 41%, 폴리우레탄 6%로 이루어져 있어, 내구성이 뛰어나고 기계 세탁이 가능합니다. 단, 건조기 사용은 피해야 합니다. 제조국은 베트남이며, 품질 보증 기준은 관련 법 및 소비자 분쟁 해결 기준을 따릅니다. 고객센터는 070-4272-4816으로 언제든지 문의 가능합니다. 여성 소프트 골지 스판 와이드 팬츠 3종으로, 블랙, 베이지, 멜란지 컬러의 조합으로 다양한 스타일링이 가능하니, 지금 바로 만나보세요!"
지베르니초특가 24SS 아노락 롱 트렌치 점퍼,38010664_h.jpg,https://www.skstoa.com/display/goods/38010664,"자연스러운 아름다움을 선보이는 브랜드 이토의 여성 아노락 점퍼를 소개합니다. 이 점퍼는 애매한 간절기와 변화된 날씨에 맞춰 제작된 아우터로, 5가지 컬러 모두 튀지 않으면서도 다양한 스타일을 연출할 수 있어 데일리 룩으로 활용도가 높습니다. 아웃도어 룩과 데일리 룩을 넘나들며, 언제든지 옷장에서 찾게 될 아이템입니다. 트렌디하고 감각적인 디자인으로 편안하면서도 스타일리시하게 입어볼 수 있는 아노락 점퍼는 블랙, 틸 그린, 스카이 블루, 라벤더, 올리브 등 다양한 색상으로 제공됩니다. 이 점퍼는 자외선 차단과 발수 가공 기능이 있어, 유해한 자외선으로부터 피부를 보호하고 물이 흡수되지 않아 쾌적한 착용감을 유지합니다. 디자인 또한 기능성을 고려하여 제작되었습니다. 여성스러운 라인에 무릎 위까지 오는 적당한 기장감으로 트렌디하면서도 활동성을 가미한 디자인입니다. 후드에 스트링이 달려 있어 유용하게 사용 가능하며, 지퍼 스타일로 활동성을 높여주고 다양한 스타일 연출이 가능합니다. 허리 안쪽에 스트링을 넣어 연출이 가능하며, 허리 포인트로 다리가 길어 보이는 효과를 줍니다. 실용적인 아웃포켓 디자인으로 수납에 용이하며, 포켓 덮개로 포인트를 주었습니다. 사이즈는 55, 66, 77, 88, 99로 선택할 수 있으며, 각 사이즈에 따른 총장, 가슴 둘레, 밑단 둘레 등의 상세 치수도 제공합니다. 상품명: 지베르니 여성 아노락 점퍼 1종 구성: 여성용 점퍼 1종 컬러: 블랙, 틸 그린, 올리브, 스카이 블루, 라벤더 소재: 겉감 - 나일론 100% (심지, 상표, 보강재, 자수 장식 제외) 제조자: 주식회사 토마스힐 제조국: 베트남 세탁방법: 기계세탁 시 세탁망 사용 권장, 건조기 사용 불가 제조년월: 2024년 01월 품질 보증 기준은 관련 법 및 소비자 분쟁 해결 기준을 따르며, 고객센터는 070-4272-4816입니다. 이 아노락 점퍼는 소중한 일상에서 편안함과 스타일을 동시에 챙길 수 있는 멋진 선택이 될 것입니다."
NnF초특가 FAUX밍크 후드점퍼,35577605_h.jpg,https://www.skstoa.com/display/goods/35577605,"“Flexible movement” 브랜드는 40대와 60대 고객들을 대상으로 다양한 위치에서 자신을 표현할 수 있는 합리적인 가격대의 제품을 제공합니다. 제품명: 에코퍼 후드 점퍼 사이즈: 55, 66, 77, 88, 99 컬러: 블랙, 네이비, 버건디, 브라운, 아이보리 소재: 겉감, 안감, 충전재 - 폴리에스터 100% 제조자/수입원: 주식회사 토마스힐 제조국: 중국 세탁 방법: 단독 기계 세탁, 세탁망 사용 권장, 건조기 사용 금지 제조년월: 2023년 08월 이 점퍼는 자연스러운 핏과 다양한 활용이 가능하여 일상에서 편안하게 착용할 수 있습니다. 기계세탁이 가능해 관리가 용이하며, 지퍼 사용 시 에코퍼 원단이 걸리지 않도록 인조 가죽 배색을 사용하여 불편함을 최소화했습니다. 전체적으로 여유 있는 핏으로 착용감이 뛰어나며, 부해 보이지 않도록 디자인되어 있습니다. 고객센터: 070-8845-2550 이 에코퍼 후드 점퍼는 스타일과 실용성을 모두 갖춘 제품으로, 다양한 색상과 사이즈로 준비되어 있어 여러분의 옷장에 완벽하게 어울릴 것입니다."
모라도[모라도]페이즐리 퀼팅 재킷,35344895_h.jpg,https://www.skstoa.com/display/goods/35344895,"28800원에 구매 가능한 이 제품은 우아한 디자인이 돋보입니다. 이 제품은 100% 나일론으로 제작되어 있으며, 폴리에스터 프린트를 사용한 안감이 있어 더욱 편안한 착용감을 제공합니다. 다양한 기능을 갖춘 이 소재는 한꺼번에 킹 처리를 하여 만들어졌기 때문에 내구성이 뛰어납니다. 나일론은 탄력성이 좋아 구김이 잘 가지 않으며, 한겨울까지 착용하기에 적합합니다. 이 제품은 다양한 사이즈로 제공되어, 어떤 체형에도 잘 어울릴 것입니다. 마젠타 색상으로 세련된 느낌을 더했습니다. 이 특별한 아이템으로 스타일을 한층 업그레이드해 보세요!"
스튜디오럭스최종가 자카드 블라우스 3종,34607435_h.jpg,https://www.skstoa.com/display/goods/34607435,"데일리 룩에 여성스러운 무드를 더한 브랜드입니다. 자카드 코튼 블라우스 3종이 준비되어 있습니다. 화이트, 네이비, 인디핑크 컬러로 다양한 선택이 가능합니다. 사이즈는 55, 66, 77, 88, 99로 제공되어 체형에 맞춰 고르실 수 있습니다. 이 블라우스는 천연섬유인 코튼 100% 원단으로 제작되었으며, 레이스 프릴 디테일로 여성스러움을 강조하였습니다. 여유 있는 사이즈 디자인으로 체형 커버는 물론 편안한 착용감을 제공합니다. 볼륨감 있는 슬리브와 다양한 네크라인 디테일이 있어 각기 다른 3가지 디자인으로 다채로운 코디 연출이 가능합니다. 특히, 가벼운 중량감의 원단 덕분에 청량한 느낌을 주어 착용감이 우수합니다. 내구성이 뛰어나 관리가 용이하며, 다양한 시즌에 적합합니다. 깨끗한 화이트 컬러의 블라우스는 모든 컬러와 잘 어울리며, 베이직하고 실용적인 아이템으로 추천드립니다. 여성스러운 무드를 더하고 싶다면 이 블라우스를 놓치지 마세요!"
바네사리찌꽃길 투피스 세트,32914364_h.jpg,https://www.skstoa.com/display/goods/32914364,"합리적인 라이프스타일을 추구하는 의미보다 가치를 중시하는 내 삶의 패션 플랜입니다. 크크 꽃길 투피스 세트 컬러 매칭한 면 100% 레이스가 들어간 핀턱 장식의 재킷형 블라우스와 플라워 패턴의 항아리 스커트로 사랑스러운 느낌의 2종 세트입니다. 블랙, 와인 천연 소재인 면 100%로 이루어져 피부에 자극이 덜하고 쾌적합니다. 자연스러운 주름 가공을 한 원단으로, 원단 표면의 요철감으로 몸에 달라붙지 않아 여름철 시원하게 착용할 수 있습니다. 샌드워싱으로 내추럴한 컬러감을 구현하였고, 10도의 화사한 컬러감의 플라워 패턴 프린트를 사용하여 여성스러우면서도 시원한 룩을 선사합니다. 블랙 색상도 준비되어 있습니다."
모라도최종가 라운드넥 데님 원피스 2종,32899682_h.jpg,https://www.skstoa.com/display/goods/32899682,"라운드넥 데님 원피스 2종 코디 고민 없이 단품 착장으로 한 번에 해결되는 점프수트 형태의 라운드 데님 원피스입니다. 연령과 체형에 구애받지 않고 누구나 쉽게 스타일링이 가능한 제품입니다. 클래식한 인디고 데님 컬러와 빈티지한 무드의 블랙 데님 원피스로, 다양한 스타일을 연출할 수 있습니다. 부드러운 터치감이 돋보이는 소재로, 여름 착용에 적합합니다. 바이오 워싱으로 데님 특유의 컬러감과 빈티지한 질감을 표현하여, 더욱 매력적인 룩을 완성할 수 있습니다. 사이즈는 55, 66, 77, 88로 다양하게 준비되어 있습니다. 이 원피스는 어떤 상황에서도 스타일리시하게 입을 수 있어, 여러분의 패션 아이템으로 꼭 추천드립니다!"
이상봉에디션23SS 썸머 블라우스 1종,32419220_h.jpg,https://www.skstoa.com/display/goods/32419220,"프리미엄 니트웨어 - 이상봉 에디션 16세기부터 이어져 온 전통의 미와 현대적인 감각이 조화를 이루는 이상봉의 프리미엄 패션 브랜드에서 특별한 니트웨어를 소개합니다. 이 니트는 깊이 있고 세련된 디자인으로, 오랫동안 착용할 수 있는 품질을 자랑합니다. - **제품명**: 이상봉 니트 - **제품 코드**: 5446680 - **가격**: 58,040원 - **사이즈**: 프리사이즈 디자인은 단순하지만 고급스러움을 느낄 수 있으며, 다양한 스타일에 매치하기 좋아 어떤 자리에서도 자신감을 더해줍니다. 이 브랜드는 전 세계 패션위크와 국제 행사에서 초청받아 패션쇼를 진행하며, 그 독창적인 디자인 철학으로 많은 사랑을 받고 있습니다. 매 시즌마다 트렌드를 선도하며, 다양한 컬렉션을 통해 브랜드의 인지도를 높이고 있습니다. --- **기타 정보** 이상봉 브랜드는 1985년에 처음으로 명동에 매장을 오픈한 이래, 다양한 패션쇼와 전시회를 통해 한국 패션의 위상을 높여왔습니다. 국내 청담 플래그십 스토어를 비롯해, 뉴욕, 프랑스, 러시아 등 다양한 해외 매장에서 제품을 만나보실 수 있습니다. --- 이러한 고급스러운 니트웨어는 여러분의 스타일에 특별한 포인트를 더해줄 것입니다. 지금 바로 확인해 보세요!"
유로컬렉션반달 밍크 하이넥 케이프 재킷,32352242_h.jpg,https://www.skstoa.com/display/goods/32352242,"유로컬렉션 밍크 하이넥 케이프 자켓 차별화된 노하우와 섬세한 디자인으로 어떠한 상황과 장소에서도 자연스러운 아름다움을 추구하는 모피 전문 브랜드입니다. 고급스럽고 우아한 소재로 제작된 이 케이프는 다양한 스타일을 자랑합니다. 벌룬 소매 스타일과 함께 세련된 매력을 더하고, 실용성 또한 우수합니다. 클래식한 패턴과 하이넥 스타일의 밍크 재킷은 유행에 상관없이 장시간 활용도가 높은 아이템입니다. 카라 안쪽까지 밍크가 들어가 있어 추운 한파에도 보온성을 높이고, 착용 시 럭셔리한 느낌을 강조합니다. 밍크 특유의 부드러움과 고급스러운 느낌이 돋보이는 이 제품은 처음 모피 패션을 접하시는 분들에게도 부담 없이 착용할 수 있는 스타일입니다. 날씬해 보일 수 있는 패턴과 높은 활용도가 특징인 아이템입니다. 상품 정보: - 색상: 유로블랙, 실버브라운, 미드나잇블루, 마젠타 - 사이즈: 83, L - 소재: 겉감 - 천연모피 밍크 100%, 안감 - 폴리에스터 100% - 제조사: 유로모피 - 제조국: 한국 - 제조년월: 2023년 05월 - 세탁법: 모피 전문점 의뢰 어깨 길이 및 밑단 둘레 정보: - 어깨 길이: 128, 133, 138 - 밑단 둘레: 106, 111, 116 이 케이프 자켓은 고급스러운 디자인과 뛰어난 실용성을 겸비하여, 다양한 스타일의 룩을 완성할 수 있는 멋진 선택이 될 것입니다."
모라도초특가 레이어 콤비 썸머 원피스,31997576_h.jpg,https://www.skstoa.com/display/goods/31997576,"서로 다른 질감의 조화로 캐주얼하면서도 스타일리시한 연출이 가능한 니트 배색 원피스입니다. 이 제품은 빛나는 실이라는 뜻을 가진 레이온 섬유로 제작되어 부드럽고 광택이 뛰어나며, 표면이 매끄러워 실크와 비슷한 터치감을 제공합니다. 착용시 안락함을 느낄 수 있는 소재로, 데일리 룩은 물론 특별한 자리에서도 활용 가능합니다. 틸그린 색상으로 제공되며, 다양한 사이즈가 준비되어 있어 누구나 편안하게 착용할 수 있습니다. 이 원피스를 통해 세련된 스타일을 완성해 보세요!"
지베르니초특가 24SS 썸머 린넨라이크 팬츠 4종,39420334_h.jpg,https://www.skstoa.com/display/goods/39420334,"여성 썸머 스트레이트핏 쿨팬츠 4종 디자인을 선보이는 브랜드 지베르니의 여름 필수 아이템, 스트레이트핏 쿨팬츠입니다. 이 팬츠는 릴렉스 핏으로 편안하며 오피스와 캐주얼 모두에 잘 어울리는 머스트 해브 아이템입니다. 4가지 컬러 모두 튀지 않으면서도 다양한 스타일을 연출할 수 있어 데일리 룩으로 활용도가 높습니다. 팬츠는 여유로운 릴렉스 핏으로 누구나 쉽게 착용할 수 있으며, 100% 폴리에스터 소재로 기계 세탁이 가능하여 관리가 편리합니다. 특히, 스트레이트하게 떨어지는 디자인 덕분에 다리가 길어 보이며, 밑단은 살짝 오마지면서 슬림하게 착용할 수 있습니다. 오비에는 360도로 디자인되어 복부 압박이 없이 편안하게 착용할 수 있으며, 엉덩이 양쪽에는 포켓 장식이 더해져 실용성과 스타일을 동시에 갖추고 있습니다. 사이즈는 55, 66, 77, 88, 99로 다양하게 준비되어 있으며, 블랙, 차콜, 네이비, 베이지의 컬러로 선택할 수 있습니다. 제조국은 미얀마이며, 세탁 방법은 기계 세탁이 가능하지만 건조기 사용은 불가합니다. 품질 보증 기준은 관련 법 및 소비자 분쟁 해결 기준을 따릅니다. 고객센터는 070-4272-4816로 연락 주시면 친절하게 안내해 드리겠습니다. 여름철 편안하고 스타일리시한 패션을 원하신다면 이 팬츠를 추천드립니다!"
에꼴드파리엔젤핏 썸머 쉬폰 블라우스 4종,39409148_h.jpg,https://www.skstoa.com/display/goods/39409148,"고급스러운 여성의 감성을 만족시키는 에꼴드 파리의 제품은 어디서나 돋보입니다. 섬세하면서도 감각적인 디자인은 여성미를 강조하며, 부드러움을 유지합니다. 이 제품은 다양한 스타일로 제공되어, 고객님들의 개성과 취향을 만족시킬 수 있습니다. 목 네크와 소매 디자인이 각기 다르게 구성되어 있어, 선택의 폭이 넓고 풍성한 느낌을 줍니다. 원단 자체의 신축성이 뛰어나 편안함을 제공하며, 기계 세탁이 가능하여 관리가 용이합니다. 또한, 가벼우면서도 청량한 착용감을 느낄 수 있어 여름철에도 적합합니다. 이 제품은 몸에 달라붙지 않아 활동성이 뛰어나며, 다양한 스타일링이 가능합니다. 여러분의 일상에 세련된 포인트를 추가해보세요!"
오아로초특가 쿨샤인 쉬폰 원피스 2종,39328704_h.jpg,https://www.skstoa.com/display/goods/39328704,"트렌드에 민감하지만 실용성과 편안함을 추구하는 여성들을 위한 제품이 등장했습니다. 동적이고 감각적인 스타일로 편안함을 더한 일상 속 라이프스타일을 완성해줄 패션 아이템, 바로 '쿨 샤인 쉬폰 원피스'입니다. 2024년 5월 5일 출시된 이 원피스는 두 가지 스타일로 제공되며, 피치 핑크와 엘로우 색상 중 선택할 수 있습니다. 여성스럽고 우아한 무드로 아름다운 착용감을 선사하는 이 쉬폰 원피스는 화사한 컬러감과 페미닌한 패턴으로 여성스러움을 더욱 강조합니다. 각기 다른 디자인의 두 가지 스타일로 상황에 맞는 연출이 가능하여 매일매일 손이 가는 편안한 아이템입니다. 더운 여름에도 멋스럽게 연출할 수 있으며, 시원하고 가벼운 소재로 코디 고민을 덜어줄 것입니다. 요루 쉬폰 소재로 만들어져 여리여리한 실루엣과 청량한 착용감을 동시에 제공합니다. 부드러운 터치감과 통기성이 뛰어난 요루 쉬폰 소재는 몸에 들러붙지 않아 더운 날씨에도 착용하기 좋습니다. 겉감과 안감 모두 폴리에스터 100%로 제작되어 내구성이 뛰어나며, 기계 세탁과 기계 건조가 가능하여 관리가 용이합니다. 그린과 레몬 블루 컬러는 꽃과 잎사귀를 은은하게 표현하여 로맨틱한 무드를 연출하며, 핑크 컬러 포인트로 사랑스러우면서 발랄한 느낌을 더합니다. 네이비 바탕에 머스터드와 엘로우를 믹스한 플라워 패턴은 과하지 않으면서도 화사한 컬러를 선사합니다. 이 쉬폰 원피스로 여름을 더욱 시원하고 스타일리시하게 보내보세요!"
바네사리찌24SS 썸머샤인 메쉬 재킷 2종,39192384_h.jpg,https://www.skstoa.com/display/goods/39192384,"합리적인 라이프스타일을 추구하는 것보다 가치를 중시하는 내 삶의 패션 플랜입니다. 이 제품은 솔리드 셔링 타입으로, 메쉬 원단과 부드러운 터치감의 폴리에스터 원단을 사용하여 편안하게 착용할 수 있습니다. 기계 세탁이 가능하여 관리도 용이합니다. 편안함과 실용성을 동시에 갖춘 이 아이템은 다양한 스타일에 매치하기 좋습니다. 당신의 일상에 필요한 패션 아이템을 찾는다면 이 제품을 추천합니다."